,sample_num,Observed,Shannon,InvSimpson,full_site,site,zone,site_zone,sample,spp,year,time,season,seq_run,even
1,1,775,5.577709922,113.3090167,E Sambo,LK1,Offshore,LK1-O,LK1-O_1,ssid,2015,Pre,Spring,run1,0.838392418
2,10,964,5.864049171,115.5838722,E Sambo,LK1,Offshore,LK1-O,LK1-O_10,ssid,2015,Pre,Spring,run1,0.853437819
3,100,70,2.352618285,4.105856185,Carysfort,UK2,Offshore,UK2-O,UK2-O_100,ssid,2015,Pre,Spring,run1,0.553753306
4,1070,212,2.648865732,3.085767951,Basin Hill,UK2,Inshore,UK2-I,UK2-I_1070,srad,2018,Post,Fall,run2,0.494506314
5,1072,39,0.401049847,1.126933792,Basin Hill,UK2,Inshore,UK2-I,UK2-I_1072,srad,2018,Post,Fall,run2,0.109469933
6,1073,158,1.826911224,1.928587669,Basin Hill,UK2,Inshore,UK2-I,UK2-I_1073,srad,2018,Post,Fall,run2,0.360864579
7,1074,394,5.308457052,101.087709,Basin Hill,UK2,Inshore,UK2-I,UK2-I_1074,srad,2018,Post,Fall,run2,0.888243869
8,1075,64,2.721656743,6.748399058,Basin Hill,UK2,Inshore,UK2-I,UK2-I_1075,srad,2018,Post,Fall,run2,0.654420114
9,1076,351,5.114708815,67.97432467,Basin Hill,UK2,Inshore,UK2-I,UK2-I_1076,srad,2018,Post,Fall,run2,0.872700116
10,1077,297,4.304344726,27.04648925,Basin Hill,UK2,Inshore,UK2-I,UK2-I_1077,srad,2018,Post,Fall,run2,0.755979491
11,1078,68,0.805536379,1.301381813,Basin Hill,UK2,Inshore,UK2-I,UK2-I_1078,srad,2018,Post,Fall,run2,0.190907669
12,1079,260,3.094081291,5.029642241,Basin Hill,UK2,Inshore,UK2-I,UK2-I_1079,srad,2018,Post,Fall,run2,0.556421226
13,1080,122,3.716179236,15.06017653,Basin Hill,UK2,Inshore,UK2-I,UK2-I_1080,ssid,2018,Post,Fall,run2,0.773555986
14,1081,551,5.182974877,42.8141574,Basin Hill,UK2,Inshore,UK2-I,UK2-I_1081,ssid,2018,Post,Fall,run2,0.821164867
15,1082,660,5.837846016,178.5881331,Basin Hill,UK2,Inshore,UK2-I,UK2-I_1082,ssid,2018,Post,Fall,run2,0.89920369
16,1083,196,2.306188571,2.501847133,Basin Hill,UK2,Inshore,UK2-I,UK2-I_1083,ssid,2018,Post,Fall,run2,0.436934155
17,1084,143,1.414598986,1.617727515,Basin Hill,UK2,Inshore,UK2-I,UK2-I_1084,ssid,2018,Post,Fall,run2,0.285037935
18,1085,95,2.876411441,7.593791898,Basin Hill,UK2,Inshore,UK2-I,UK2-I_1085,ssid,2018,Post,Fall,run2,0.631640141
19,1089,440,4.372519802,12.93587875,Basin Hill,UK2,Inshore,UK2-I,UK2-I_1089,ssid,2018,Post,Fall,run2,0.718363994
20,1100,39,0.428661079,1.140027098,Carysfort,UK2,Offshore,UK2-O,UK2-O_1100,srad,2018,Post,Fall,run2,0.117006651
21,1101,341,4.02682127,23.48407108,Carysfort,UK2,Offshore,UK2-O,UK2-O_1101,srad,2018,Post,Fall,run2,0.690483954
22,1102,588,5.066993524,39.42018332,Carysfort,UK2,Offshore,UK2-O,UK2-O_1102,srad,2018,Post,Fall,run2,0.794607259
23,1103,85,0.952046215,1.339321855,Carysfort,UK2,Offshore,UK2-O,UK2-O_1103,srad,2018,Post,Fall,run2,0.21429686
24,1106,70,1.444695615,1.874086925,Carysfort,UK2,Offshore,UK2-O,UK2-O_1106,srad,2018,Post,Fall,run2,0.340048778
25,1108,100,1.469538081,1.905565479,Carysfort,UK2,Offshore,UK2-O,UK2-O_1108,srad,2018,Post,Fall,run2,0.31910614
26,1109,45,0.714895827,1.311187097,Carysfort,UK2,Offshore,UK2-O,UK2-O_1109,srad,2018,Post,Fall,run2,0.187801211
27,111,980,5.92515822,154.6694714,Carysfort,UK2,Offshore,UK2-O,UK2-O_111,srad,2015,Pre,Spring,run1,0.860270489
28,1110,215,4.517921954,44.60782337,Carysfort,UK2,Offshore,UK2-O,UK2-O_1110,ssid,2018,Post,Fall,run2,0.841226299
29,1111,100,1.156867571,1.460411074,Carysfort,UK2,Offshore,UK2-O,UK2-O_1111,ssid,2018,Post,Fall,run2,0.251210601
30,1112,151,3.791897838,14.20520406,Carysfort,UK2,Offshore,UK2-O,UK2-O_1112,ssid,2018,Post,Fall,run2,0.755767659
31,1113,33,0.375444704,1.121667878,Carysfort,UK2,Offshore,UK2-O,UK2-O_1113,ssid,2018,Post,Fall,run2,0.107377061
32,1114,59,1.369073735,1.865323942,Carysfort,UK2,Offshore,UK2-O,UK2-O_1114,ssid,2018,Post,Fall,run2,0.335759942
33,1115,325,5.009950929,75.1643291,Carysfort,UK2,Offshore,UK2-O,UK2-O_1115,ssid,2018,Post,Fall,run2,0.866200269
34,1116,87,1.24117204,1.551698639,Carysfort,UK2,Offshore,UK2-O,UK2-O_1116,ssid,2018,Post,Fall,run2,0.277921535
35,1117,165,1.750295204,1.836707297,Carysfort,UK2,Offshore,UK2-O,UK2-O_1117,ssid,2018,Post,Fall,run2,0.342795514
36,1118,99,1.976940515,2.529813669,Carysfort,UK2,Offshore,UK2-O,UK2-O_1118,ssid,2018,Post,Fall,run2,0.430226105
37,112,461,4.463520847,36.13477739,Carysfort,UK2,Offshore,UK2-O,UK2-O_112,srad,2015,Pre,Spring,run1,0.727740286
38,113,1224,5.884980859,40.61373779,Carysfort,UK2,Offshore,UK2-O,UK2-O_113,srad,2015,Pre,Spring,run1,0.827718795
39,114,772,5.039038803,27.8133952,Carysfort,UK2,Offshore,UK2-O,UK2-O_114,srad,2015,Pre,Spring,run1,0.757865921
40,1140,415,4.791885098,45.66587771,Cheeca Rocks,UK1,Inshore,UK1-I,UK1-I_1140,ssid,2018,Post,Fall,run2,0.794901079
41,1141,240,3.903071928,22.13096096,Cheeca Rocks,UK1,Inshore,UK1-I,UK1-I_1141,ssid,2018,Post,Fall,run2,0.712156371
42,1142,135,3.453040772,12.30993041,Cheeca Rocks,UK1,Inshore,UK1-I,UK1-I_1142,ssid,2018,Post,Fall,run2,0.703944412
43,1144,231,4.717328818,40.62092562,Cheeca Rocks,UK1,Inshore,UK1-I,UK1-I_1144,ssid,2018,Post,Fall,run2,0.866770812
44,1147,83,3.344218728,13.88280575,Cheeca Rocks,UK1,Inshore,UK1-I,UK1-I_1147,ssid,2018,Post,Fall,run2,0.756809087
45,115,1476,6.317912844,180.4027184,Carysfort,UK2,Offshore,UK2-O,UK2-O_115,srad,2015,Pre,Spring,run1,0.865812533
46,116,767,5.938918235,201.031238,Carysfort,UK2,Offshore,UK2-O,UK2-O_116,srad,2015,Pre,Spring,run1,0.894080547
47,117,953,5.712094367,98.93631269,Carysfort,UK2,Offshore,UK2-O,UK2-O_117,srad,2015,Pre,Spring,run1,0.832713563
48,1170,50,0.72076293,1.26836955,Rocky Top,UK1,Offshore,UK1-O,UK1-O_1170,ssid,2018,Post,Fall,run2,0.184243019
49,1172,47,0.449819847,1.134935538,Rocky Top,UK1,Offshore,UK1-O,UK1-O_1172,ssid,2018,Post,Fall,run2,0.116831845
50,1173,408,4.963391176,70.84494296,Rocky Top,UK1,Offshore,UK1-O,UK1-O_1173,ssid,2018,Post,Fall,run2,0.825681347
51,1174,111,1.331344298,1.568612389,Rocky Top,UK1,Offshore,UK1-O,UK1-O_1174,ssid,2018,Post,Fall,run2,0.28269153
52,1175,130,2.022546519,2.494549498,Rocky Top,UK1,Offshore,UK1-O,UK1-O_1175,ssid,2018,Post,Fall,run2,0.415517659
53,1177,216,4.52797796,41.89418168,Rocky Top,UK1,Offshore,UK1-O,UK1-O_1177,ssid,2018,Post,Fall,run2,0.842370872
54,1178,85,3.274742422,16.74266856,Rocky Top,UK1,Offshore,UK1-O,UK1-O_1178,ssid,2018,Post,Fall,run2,0.737114446
55,1179,184,3.478292671,8.667647414,Rocky Top,UK1,Offshore,UK1-O,UK1-O_1179,ssid,2018,Post,Fall,run2,0.666986677
56,118,870,5.767983143,117.402754,Carysfort,UK2,Offshore,UK2-O,UK2-O_118,srad,2015,Pre,Spring,run1,0.85218127
57,119,681,4.504002231,20.8141394,Carysfort,UK2,Offshore,UK2-O,UK2-O_119,srad,2015,Pre,Spring,run1,0.690420666
58,1190,371,3.162290713,5.215350188,W Washer,LK1,Inshore,LK1-I,LK1-I_1190,srad,2018,Post,Fall,run2,0.534513642
59,1191,51,0.765140439,1.303917952,W Washer,LK1,Inshore,LK1-I,LK1-I_1191,srad,2018,Post,Fall,run2,0.194601824
60,1192,83,2.74083912,5.535074775,W Washer,LK1,Inshore,LK1-I,LK1-I_1192,srad,2018,Post,Fall,run2,0.620262047
61,1193,608,5.598144885,119.7733152,W Washer,LK1,Inshore,LK1-I,LK1-I_1193,srad,2018,Post,Fall,run2,0.873321709
62,1194,172,2.046548561,2.149530512,W Washer,LK1,Inshore,LK1-I,LK1-I_1194,srad,2018,Post,Fall,run2,0.397581497
63,1197,94,1.350566183,1.580795319,W Washer,LK1,Inshore,LK1-I,LK1-I_1197,srad,2018,Post,Fall,run2,0.297265805
64,1198,118,3.355474249,12.66786547,W Washer,LK1,Inshore,LK1-I,LK1-I_1198,srad,2018,Post,Fall,run2,0.703352771
65,1199,30,0.379842728,1.127908406,W Washer,LK1,Inshore,LK1-I,LK1-I_1199,srad,2018,Post,Fall,run2,0.111679119
66,120,584,5.018757122,43.00073886,Carysfort,UK2,Offshore,UK2-O,UK2-O_120,srad,2015,Pre,Spring,run1,0.787886207
67,1201,81,0.969195938,1.362503727,W Washer,LK1,Inshore,LK1-I,LK1-I_1201,ssid,2018,Post,Fall,run2,0.22055004
68,1202,85,1.549146291,2.118225583,W Washer,LK1,Inshore,LK1-I,LK1-I_1202,ssid,2018,Post,Fall,run2,0.348698604
69,1203,63,0.75845181,1.270198428,W Washer,LK1,Inshore,LK1-I,LK1-I_1203,ssid,2018,Post,Fall,run2,0.183062309
70,1204,101,1.722303398,2.464695029,W Washer,LK1,Inshore,LK1-I,LK1-I_1204,ssid,2018,Post,Fall,run2,0.373187091
71,1205,36,0.424740146,1.141153309,W Washer,LK1,Inshore,LK1-I,LK1-I_1205,ssid,2018,Post,Fall,run2,0.118525995
72,1208,405,5.540347311,172.4829324,W Washer,LK1,Inshore,LK1-I,LK1-I_1208,ssid,2018,Post,Fall,run2,0.922793392
73,1209,148,1.733095175,1.856665408,W Washer,LK1,Inshore,LK1-I,LK1-I_1209,ssid,2018,Post,Fall,run2,0.346812399
74,121,420,4.531620305,28.88358898,Basin Hill,UK2,Inshore,UK2-I,UK2-I_121,ssid,2015,Pre,Spring,run1,0.750236624
75,122,80,2.762847728,6.251982027,Basin Hill,UK2,Inshore,UK2-I,UK2-I_122,ssid,2015,Pre,Spring,run1,0.630495421
76,1221,225,4.222879812,22.48030847,E Sambo,LK1,Offshore,LK1-O,LK1-O_1221,srad,2018,Post,Fall,run2,0.77969009
77,1222,82,3.030979488,5.930613456,E Sambo,LK1,Offshore,LK1-O,LK1-O_1222,srad,2018,Post,Fall,run2,0.687808621
78,1223,119,1.733973941,2.248524205,E Sambo,LK1,Offshore,LK1-O,LK1-O_1223,srad,2018,Post,Fall,run2,0.362822585
79,1225,148,3.055696623,6.794960908,E Sambo,LK1,Offshore,LK1-O,LK1-O_1225,srad,2018,Post,Fall,run2,0.611480253
80,1226,86,1.210402626,1.527854087,E Sambo,LK1,Offshore,LK1-O,LK1-O_1226,srad,2018,Post,Fall,run2,0.271735127
81,1227,171,3.475349037,12.41932536,E Sambo,LK1,Offshore,LK1-O,LK1-O_1227,srad,2018,Post,Fall,run2,0.675919184
82,1228,50,2.634040984,6.543634485,E Sambo,LK1,Offshore,LK1-O,LK1-O_1228,srad,2018,Post,Fall,run2,0.6733194
83,123,159,3.803594279,20.29330598,Basin Hill,UK2,Inshore,UK2-I,UK2-I_123,ssid,2015,Pre,Spring,run1,0.750378016
84,1230,228,2.207122253,3.664158933,E Sambo,LK1,Offshore,LK1-O,LK1-O_1230,ssid,2018,Post,Fall,run2,0.406517176
85,1231,36,0.381822917,1.118701143,E Sambo,LK1,Offshore,LK1-O,LK1-O_1231,ssid,2018,Post,Fall,run2,0.106549714
86,1232,131,1.458819835,1.65544473,E Sambo,LK1,Offshore,LK1-O,LK1-O_1232,ssid,2018,Post,Fall,run2,0.299232982
87,1233,584,5.723218621,176.8474143,E Sambo,LK1,Offshore,LK1-O,LK1-O_1233,ssid,2018,Post,Fall,run2,0.898478428
88,1234,338,5.181763603,89.66306506,E Sambo,LK1,Offshore,LK1-O,LK1-O_1234,ssid,2018,Post,Fall,run2,0.889871675
89,1235,121,2.799804127,4.861403863,E Sambo,LK1,Offshore,LK1-O,LK1-O_1235,ssid,2018,Post,Fall,run2,0.583804505
90,1237,176,4.190018479,25.19105333,E Sambo,LK1,Offshore,LK1-O,LK1-O_1237,ssid,2018,Post,Fall,run2,0.810372585
91,124,127,3.281324753,11.18150293,Basin Hill,UK2,Inshore,UK2-I,UK2-I_124,ssid,2015,Pre,Spring,run1,0.677373663
92,125,112,2.274022776,2.912382141,Basin Hill,UK2,Inshore,UK2-I,UK2-I_125,ssid,2015,Pre,Spring,run1,0.48193776
93,126,92,3.126195528,9.340698043,Basin Hill,UK2,Inshore,UK2-I,UK2-I_126,ssid,2015,Pre,Spring,run1,0.691362605
94,127,76,2.554146845,5.120278113,Basin Hill,UK2,Inshore,UK2-I,UK2-I_127,ssid,2015,Pre,Spring,run1,0.589772365
95,128,145,3.755269408,18.63243811,Basin Hill,UK2,Inshore,UK2-I,UK2-I_128,ssid,2015,Pre,Spring,run1,0.754565063
96,129,180,3.810957726,11.17453545,Basin Hill,UK2,Inshore,UK2-I,UK2-I_129,ssid,2015,Pre,Spring,run1,0.733870478
97,130,29,1.002258502,2.145078952,Basin Hill,UK2,Inshore,UK2-I,UK2-I_130,ssid,2015,Pre,Spring,run1,0.297644921
98,141,549,4.263474933,24.38388559,Basin Hill,UK2,Inshore,UK2-I,UK2-I_141,srad,2015,Pre,Spring,run1,0.67587324
99,143,709,5.385629434,59.04870062,Basin Hill,UK2,Inshore,UK2-I,UK2-I_143,srad,2015,Pre,Spring,run1,0.820497863
100,144,417,4.508155361,36.04329508,Basin Hill,UK2,Inshore,UK2-I,UK2-I_144,srad,2015,Pre,Spring,run1,0.747238676
101,145,872,5.739677283,152.0202542,Basin Hill,UK2,Inshore,UK2-I,UK2-I_145,srad,2015,Pre,Spring,run1,0.847711681
102,147,537,5.16926855,65.09114663,Basin Hill,UK2,Inshore,UK2-I,UK2-I_147,srad,2015,Pre,Spring,run1,0.822346503
103,148,484,5.499471464,112.3556961,Basin Hill,UK2,Inshore,UK2-I,UK2-I_148,srad,2015,Pre,Spring,run1,0.889582001
104,149,1151,6.075621942,88.07531677,Basin Hill,UK2,Inshore,UK2-I,UK2-I_149,srad,2015,Pre,Spring,run1,0.861987637
105,150,280,4.458123067,41.68030904,Basin Hill,UK2,Inshore,UK2-I,UK2-I_150,srad,2015,Pre,Spring,run1,0.791178266
106,2,178,3.229564816,9.592164569,E Sambo,LK1,Offshore,LK1-O,LK1-O_2,ssid,2015,Pre,Spring,run1,0.623253516
107,21,1010,6.271776701,271.2211381,E Sambo,LK1,Offshore,LK1-O,LK1-O_21,srad,2015,Pre,Spring,run1,0.906626713
108,22,1714,6.807237436,385.8445248,E Sambo,LK1,Offshore,LK1-O,LK1-O_22,srad,2015,Pre,Spring,run1,0.914142167
109,23,1227,5.790194512,71.50958912,E Sambo,LK1,Offshore,LK1-O,LK1-O_23,srad,2015,Pre,Spring,run1,0.814106853
110,24,806,5.582341549,91.42436345,E Sambo,LK1,Offshore,LK1-O,LK1-O_24,srad,2015,Pre,Spring,run1,0.834170905
111,25,1285,5.770883604,74.30053998,E Sambo,LK1,Offshore,LK1-O,LK1-O_25,srad,2015,Pre,Spring,run1,0.806156642
112,26,1303,6.328673579,182.808665,E Sambo,LK1,Offshore,LK1-O,LK1-O_26,srad,2015,Pre,Spring,run1,0.882361817
113,27,957,6.005710458,156.0025048,E Sambo,LK1,Offshore,LK1-O,LK1-O_27,srad,2015,Pre,Spring,run1,0.87498288
114,28,1556,6.241319156,154.1225773,E Sambo,LK1,Offshore,LK1-O,LK1-O_28,srad,2015,Pre,Spring,run1,0.84917366
115,29,1294,6.458755519,290.3108648,E Sambo,LK1,Offshore,LK1-O,LK1-O_29,srad,2015,Pre,Spring,run1,0.901369256
116,3,337,4.567970359,48.02240525,E Sambo,LK1,Offshore,LK1-O,LK1-O_3,ssid,2015,Pre,Spring,run1,0.784863448
117,30,1055,4.982059938,30.52157421,E Sambo,LK1,Offshore,LK1-O,LK1-O_30,srad,2015,Pre,Spring,run1,0.71567994
118,31,64,1.999488418,3.596654552,Rocky Top,UK1,Offshore,UK1-O,UK1-O_31,ssid,2015,Pre,Spring,run1,0.480775338
119,32,105,2.499131217,3.984297843,Rocky Top,UK1,Offshore,UK1-O,UK1-O_32,ssid,2015,Pre,Spring,run1,0.536990225
120,33,202,3.928615019,17.03626856,Rocky Top,UK1,Offshore,UK1-O,UK1-O_33,ssid,2015,Pre,Spring,run1,0.740093613
121,35,39,0.90376308,1.489418175,Rocky Top,UK1,Offshore,UK1-O,UK1-O_35,ssid,2015,Pre,Spring,run1,0.246689743
122,36,136,2.678528797,5.492546266,Rocky Top,UK1,Offshore,UK1-O,UK1-O_36,ssid,2015,Pre,Spring,run1,0.545230402
123,37,200,3.344887465,9.916812923,Rocky Top,UK1,Offshore,UK1-O,UK1-O_37,ssid,2015,Pre,Spring,run1,0.63131127
124,38,128,3.679549114,19.62918369,Rocky Top,UK1,Offshore,UK1-O,UK1-O_38,ssid,2015,Pre,Spring,run1,0.758352466
125,39,143,3.038016345,8.629290292,Rocky Top,UK1,Offshore,UK1-O,UK1-O_39,ssid,2015,Pre,Spring,run1,0.612152217
126,4,936,5.632516337,62.22114176,E Sambo,LK1,Offshore,LK1-O,LK1-O_4,ssid,2015,Pre,Spring,run1,0.823272859
127,40,861,5.56979983,98.86360311,Rocky Top,UK1,Offshore,UK1-O,UK1-O_40,ssid,2015,Pre,Spring,run1,0.824167201
128,5,1819,5.970872659,74.76878315,E Sambo,LK1,Offshore,LK1-O,LK1-O_5,ssid,2015,Pre,Spring,run1,0.795475501
129,51,2550,6.990501952,392.4598361,Rocky Top,UK1,Offshore,UK1-O,UK1-O_51,srad,2015,Pre,Spring,run1,0.891208165
130,52,883,4.332826793,6.950097022,Rocky Top,UK1,Offshore,UK1-O,UK1-O_52,srad,2015,Pre,Spring,run1,0.63874673
131,53,1362,6.25736052,176.0492924,Rocky Top,UK1,Offshore,UK1-O,UK1-O_53,srad,2015,Pre,Spring,run1,0.867065597
132,54,1937,6.029703891,63.26653047,Rocky Top,UK1,Offshore,UK1-O,UK1-O_54,srad,2015,Pre,Spring,run1,0.79664249
133,55,699,5.881055581,139.4702279,Rocky Top,UK1,Offshore,UK1-O,UK1-O_55,srad,2015,Pre,Spring,run1,0.89791896
134,56,748,5.022964982,33.40824501,Rocky Top,UK1,Offshore,UK1-O,UK1-O_56,srad,2015,Pre,Spring,run1,0.759053816
135,57,1071,5.971557194,106.9373152,Rocky Top,UK1,Offshore,UK1-O,UK1-O_57,srad,2015,Pre,Spring,run1,0.855971797
136,58,1312,6.240930475,223.9380524,Rocky Top,UK1,Offshore,UK1-O,UK1-O_58,srad,2015,Pre,Spring,run1,0.869294158
137,59,779,5.927269843,177.4729805,Rocky Top,UK1,Offshore,UK1-O,UK1-O_59,srad,2015,Pre,Spring,run1,0.890246322
138,6,548,4.98922471,18.70840955,E Sambo,LK1,Offshore,LK1-O,LK1-O_6,ssid,2015,Pre,Spring,run1,0.791152381
139,60,1136,6.006165349,128.9339342,Rocky Top,UK1,Offshore,UK1-O,UK1-O_60,srad,2015,Pre,Spring,run1,0.853722252
140,61,129,2.578147065,4.276967731,Cheeca Rocks,UK1,Inshore,UK1-I,UK1-I_61,ssid,2015,Pre,Spring,run1,0.530503413
141,62,105,3.192535775,9.105687458,Cheeca Rocks,UK1,Inshore,UK1-I,UK1-I_62,ssid,2015,Pre,Spring,run1,0.68598259
142,63,175,3.488568233,12.03493753,Cheeca Rocks,UK1,Inshore,UK1-I,UK1-I_63,ssid,2015,Pre,Spring,run1,0.675452623
143,64,122,3.03555112,8.407030569,Cheeca Rocks,UK1,Inshore,UK1-I,UK1-I_64,ssid,2015,Pre,Spring,run1,0.631877149
144,65,113,3.276214269,10.66364166,Cheeca Rocks,UK1,Inshore,UK1-I,UK1-I_65,ssid,2015,Pre,Spring,run1,0.693028454
145,66,189,4.03215979,23.00916937,Cheeca Rocks,UK1,Inshore,UK1-I,UK1-I_66,ssid,2015,Pre,Spring,run1,0.769239679
146,67,120,3.277326873,11.99725761,Cheeca Rocks,UK1,Inshore,UK1-I,UK1-I_67,ssid,2015,Pre,Spring,run1,0.684560319
147,68,207,3.021390236,4.103672665,Cheeca Rocks,UK1,Inshore,UK1-I,UK1-I_68,ssid,2015,Pre,Spring,run1,0.566575954
148,69,189,3.111056891,6.260773765,Cheeca Rocks,UK1,Inshore,UK1-I,UK1-I_69,ssid,2015,Pre,Spring,run1,0.593515269
149,7,947,5.347031266,37.81258364,E Sambo,LK1,Offshore,LK1-O,LK1-O_7,ssid,2015,Pre,Spring,run1,0.78021274
150,70,168,3.153996431,7.62745835,Cheeca Rocks,UK1,Inshore,UK1-I,UK1-I_70,ssid,2015,Pre,Spring,run1,0.615538369
151,701,282,3.215420763,4.760598991,Cheeca Rocks,UK1,Inshore,UK1-I,UK1-I_701,ssid,2017,Irma,Fall,run1,0.569917356
152,702,321,4.083338999,11.64713887,Cheeca Rocks,UK1,Inshore,UK1-I,UK1-I_702,ssid,2017,Irma,Fall,run1,0.707507694
153,703,137,3.331937063,12.33284524,Cheeca Rocks,UK1,Inshore,UK1-I,UK1-I_703,ssid,2017,Irma,Fall,run1,0.677225606
154,704,330,3.720067302,6.278676539,Cheeca Rocks,UK1,Inshore,UK1-I,UK1-I_704,ssid,2017,Irma,Fall,run1,0.641491268
155,705,13,0.664790976,1.390570897,Cheeca Rocks,UK1,Inshore,UK1-I,UK1-I_705,ssid,2017,Irma,Fall,run1,0.259182886
156,706,137,2.770342789,4.698133036,Cheeca Rocks,UK1,Inshore,UK1-I,UK1-I_706,ssid,2017,Irma,Fall,run1,0.563079986
157,707,335,3.699976767,7.537769156,Cheeca Rocks,UK1,Inshore,UK1-I,UK1-I_707,ssid,2017,Irma,Fall,run1,0.636376625
158,708,82,2.414567935,4.83400484,Cheeca Rocks,UK1,Inshore,UK1-I,UK1-I_708,ssid,2017,Irma,Fall,run1,0.547928697
159,709,112,2.099601852,2.876774809,Cheeca Rocks,UK1,Inshore,UK1-I,UK1-I_709,ssid,2017,Irma,Fall,run1,0.444972418
160,710,953,5.792850232,76.00051241,Cheeca Rocks,UK1,Inshore,UK1-I,UK1-I_710,ssid,2017,Irma,Fall,run1,0.844486216
161,711,413,4.27087626,10.11331992,Cheeca Rocks,UK1,Inshore,UK1-I,UK1-I_711,ssid,2017,Irma,Fall,run1,0.709041823
162,725,320,4.300744344,17.66122504,Cheeca Rocks,UK1,Inshore,UK1-I,UK1-I_725,ssid,2017,Irma,Fall,run1,0.745579926
163,726,400,2.989331464,3.448193013,Cheeca Rocks,UK1,Inshore,UK1-I,UK1-I_726,srad,2017,Irma,Fall,run1,0.498931679
164,727,133,2.391868144,5.158356959,Cheeca Rocks,UK1,Inshore,UK1-I,UK1-I_727,srad,2017,Irma,Fall,run1,0.48909967
165,729,775,5.998201979,236.1746493,Cheeca Rocks,UK1,Inshore,UK1-I,UK1-I_729,srad,2017,Irma,Fall,run1,0.901597095
166,731,443,4.360513019,17.24227306,Cheeca Rocks,UK1,Inshore,UK1-I,UK1-I_731,srad,2017,Irma,Fall,run1,0.715592532
167,732,582,4.941218677,35.71128387,Cheeca Rocks,UK1,Inshore,UK1-I,UK1-I_732,srad,2017,Irma,Fall,run1,0.776131566
168,733,808,5.561454826,49.48506144,Cheeca Rocks,UK1,Inshore,UK1-I,UK1-I_733,srad,2017,Irma,Fall,run1,0.830742142
169,735,1385,6.03965847,53.1207482,Cheeca Rocks,UK1,Inshore,UK1-I,UK1-I_735,srad,2017,Irma,Fall,run1,0.834961733
170,761,69,1.758555507,2.331800686,Rocky Top,UK1,Offshore,UK1-O,UK1-O_761,ssid,2017,Irma,Fall,run1,0.415330957
171,762,25,0.913575944,1.728108469,Rocky Top,UK1,Offshore,UK1-O,UK1-O_762,ssid,2017,Irma,Fall,run1,0.283818325
172,763,132,2.44939609,3.492543951,Rocky Top,UK1,Offshore,UK1-O,UK1-O_763,ssid,2017,Irma,Fall,run1,0.501637406
173,764,86,2.606597681,8.656583381,Rocky Top,UK1,Offshore,UK1-O,UK1-O_764,ssid,2017,Irma,Fall,run1,0.585180613
174,765,357,3.923435014,15.11767537,Rocky Top,UK1,Offshore,UK1-O,UK1-O_765,ssid,2017,Irma,Fall,run1,0.667507891
175,766,47,1.816194619,2.552620265,Rocky Top,UK1,Offshore,UK1-O,UK1-O_766,ssid,2017,Irma,Fall,run1,0.471720777
176,767,187,2.181261169,2.970091779,Rocky Top,UK1,Offshore,UK1-O,UK1-O_767,ssid,2017,Irma,Fall,run1,0.416978757
177,768,74,1.782694277,2.575994796,Rocky Top,UK1,Offshore,UK1-O,UK1-O_768,ssid,2017,Irma,Fall,run1,0.414188503
178,769,75,2.333293578,3.956205803,Rocky Top,UK1,Offshore,UK1-O,UK1-O_769,ssid,2017,Irma,Fall,run1,0.540428489
179,770,120,2.006156306,2.676920984,Rocky Top,UK1,Offshore,UK1-O,UK1-O_770,ssid,2017,Irma,Fall,run1,0.419041204
180,771,903,4.86262396,24.3515863,Rocky Top,UK1,Offshore,UK1-O,UK1-O_771,ssid,2017,Irma,Fall,run1,0.714490478
181,772,585,3.934128166,8.657152802,Rocky Top,UK1,Offshore,UK1-O,UK1-O_772,ssid,2017,Irma,Fall,run1,0.617446301
182,798,607,4.999913494,53.9782551,Carysfort,UK2,Offshore,UK2-O,UK2-O_798,ssid,2017,Irma,Fall,run1,0.780196775
183,8,107,3.00076417,10.15195839,E Sambo,LK1,Offshore,LK1-O,LK1-O_8,ssid,2015,Pre,Spring,run1,0.642172927
184,800,697,5.88281032,180.3676596,Carysfort,UK2,Offshore,UK2-O,UK2-O_800,ssid,2017,Irma,Fall,run1,0.898579982
185,801,66,1.740729488,2.447570034,Basin Hill,UK2,Inshore,UK2-I,UK2-I_801,ssid,2017,Irma,Fall,run1,0.415482801
186,808,115,2.347563282,3.501031316,Basin Hill,UK2,Inshore,UK2-I,UK2-I_808,ssid,2017,Irma,Fall,run1,0.49475171
187,809,444,4.326452876,8.790476316,Basin Hill,UK2,Inshore,UK2-I,UK2-I_809,ssid,2017,Irma,Fall,run1,0.709740386
188,81,978,5.738608815,119.5485595,Cheeca Rocks,UK1,Inshore,UK1-I,UK1-I_81,srad,2015,Pre,Spring,run1,0.833432686
189,82,1199,6.005570673,41.4690855,Cheeca Rocks,UK1,Inshore,UK1-I,UK1-I_82,srad,2015,Pre,Spring,run1,0.84713848
190,820,103,2.149126215,4.088552853,Carysfort,UK2,Offshore,UK2-O,UK2-O_820,ssid,2017,Irma,Fall,run1,0.463700514
191,821,167,3.098592326,5.962497807,Basin Hill,UK2,Inshore,UK2-I,UK2-I_821,ssid,2017,Irma,Fall,run1,0.605431042
192,822,94,2.316194238,3.375528546,Basin Hill,UK2,Inshore,UK2-I,UK2-I_822,ssid,2017,Irma,Fall,run1,0.509804965
193,823,167,3.440712531,9.224833254,Basin Hill,UK2,Inshore,UK2-I,UK2-I_823,ssid,2017,Irma,Fall,run1,0.672277587
194,824,93,2.759414612,6.473793596,Basin Hill,UK2,Inshore,UK2-I,UK2-I_824,ssid,2017,Irma,Fall,run1,0.608792949
195,825,64,1.582842247,2.110290974,Basin Hill,UK2,Inshore,UK2-I,UK2-I_825,ssid,2017,Irma,Fall,run1,0.38059311
196,826,185,3.542836353,10.4329121,Basin Hill,UK2,Inshore,UK2-I,UK2-I_826,ssid,2017,Irma,Fall,run1,0.678658021
197,829,112,2.677530072,4.541478627,Basin Hill,UK2,Inshore,UK2-I,UK2-I_829,ssid,2017,Irma,Fall,run1,0.567453791
198,83,1278,6.441940693,257.8018665,Cheeca Rocks,UK1,Inshore,UK1-I,UK1-I_83,srad,2015,Pre,Spring,run1,0.900586354
199,830,85,2.562079784,5.876805181,Basin Hill,UK2,Inshore,UK2-I,UK2-I_830,ssid,2017,Irma,Fall,run1,0.576700631
200,84,681,5.627523789,62.03852374,Cheeca Rocks,UK1,Inshore,UK1-I,UK1-I_84,srad,2015,Pre,Spring,run1,0.862645825
201,846,12,0.685754111,1.498184983,Basin Hill,UK2,Inshore,UK2-I,UK2-I_846,srad,2017,Irma,Fall,run1,0.275967756
202,847,628,5.315567664,69.93589122,Basin Hill,UK2,Inshore,UK2-I,UK2-I_847,srad,2017,Irma,Fall,run1,0.825073267
203,848,123,2.296947431,4.311114894,Basin Hill,UK2,Inshore,UK2-I,UK2-I_848,srad,2017,Irma,Fall,run1,0.477319085
204,85,23,1.732107134,3.227442872,Cheeca Rocks,UK1,Inshore,UK1-I,UK1-I_85,srad,2015,Pre,Spring,run1,0.552419177
205,851,133,3.075805182,8.10772726,Basin Hill,UK2,Inshore,UK2-I,UK2-I_851,srad,2017,Irma,Fall,run1,0.62895411
206,852,266,3.712687444,17.95104029,Basin Hill,UK2,Inshore,UK2-I,UK2-I_852,srad,2017,Irma,Fall,run1,0.664939536
207,853,213,2.912166614,5.941108728,Basin Hill,UK2,Inshore,UK2-I,UK2-I_853,srad,2017,Irma,Fall,run1,0.543183718
208,854,125,2.5606712,5.169830538,Basin Hill,UK2,Inshore,UK2-I,UK2-I_854,srad,2017,Irma,Fall,run1,0.530344824
209,855,164,3.164303623,6.371053965,Basin Hill,UK2,Inshore,UK2-I,UK2-I_855,srad,2017,Irma,Fall,run1,0.620467941
210,86,676,4.880041591,32.37016148,Cheeca Rocks,UK1,Inshore,UK1-I,UK1-I_86,srad,2015,Pre,Spring,run1,0.748909913
211,87,714,5.421751286,33.30309969,Cheeca Rocks,UK1,Inshore,UK1-I,UK1-I_87,srad,2015,Pre,Spring,run1,0.825117616
212,88,1517,5.909521765,57.18442219,Cheeca Rocks,UK1,Inshore,UK1-I,UK1-I_88,srad,2015,Pre,Spring,run1,0.806816827
213,883,169,3.520718458,10.27364366,Carysfort,UK2,Offshore,UK2-O,UK2-O_883,ssid,2017,Irma,Fall,run1,0.686313445
214,884,125,3.134168253,6.969370291,Carysfort,UK2,Offshore,UK2-O,UK2-O_884,ssid,2017,Irma,Fall,run1,0.649122742
215,885,133,2.040359286,2.675566555,Carysfort,UK2,Offshore,UK2-O,UK2-O_885,ssid,2017,Irma,Fall,run1,0.4172216
216,886,26,1.234382978,2.298167456,Carysfort,UK2,Offshore,UK2-O,UK2-O_886,ssid,2017,Irma,Fall,run1,0.378866299
217,887,134,1.581082777,1.846476488,Carysfort,UK2,Offshore,UK2-O,UK2-O_887,ssid,2017,Irma,Fall,run1,0.322812269
218,888,160,3.165777665,9.164895879,Carysfort,UK2,Offshore,UK2-O,UK2-O_888,ssid,2017,Irma,Fall,run1,0.623777191
219,889,343,4.66014335,18.4573976,Carysfort,UK2,Offshore,UK2-O,UK2-O_889,ssid,2017,Irma,Fall,run1,0.798279981
220,89,555,5.775977183,170.2103538,Cheeca Rocks,UK1,Inshore,UK1-I,UK1-I_89,srad,2015,Pre,Spring,run1,0.914069683
221,890,419,4.947079835,24.27341475,Carysfort,UK2,Offshore,UK2-O,UK2-O_890,ssid,2017,Irma,Fall,run1,0.819341768
222,90,351,3.13255519,3.440320676,Cheeca Rocks,UK1,Inshore,UK1-I,UK1-I_90,srad,2015,Pre,Spring,run1,0.53449402
223,906,1546,6.369177471,222.1930601,Carysfort,UK2,Offshore,UK2-O,UK2-O_906,srad,2017,Irma,Fall,run1,0.86733049
224,907,380,4.84945087,77.56307608,Carysfort,UK2,Offshore,UK2-O,UK2-O_907,srad,2017,Irma,Fall,run1,0.816382334
225,908,590,5.26637663,42.57848352,Carysfort,UK2,Offshore,UK2-O,UK2-O_908,srad,2017,Irma,Fall,run1,0.825435029
226,909,998,5.808546873,140.9691102,Carysfort,UK2,Offshore,UK2-O,UK2-O_909,srad,2017,Irma,Fall,run1,0.841117057
227,91,125,2.239041956,4.168729102,Carysfort,UK2,Offshore,UK2-O,UK2-O_91,ssid,2015,Pre,Spring,run1,0.463731662
228,910,630,5.744869954,135.8248462,Carysfort,UK2,Offshore,UK2-O,UK2-O_910,srad,2017,Irma,Fall,run1,0.891268953
229,912,670,4.858355295,35.60483699,Carysfort,UK2,Offshore,UK2-O,UK2-O_912,srad,2017,Irma,Fall,run1,0.746603343
230,913,445,4.36870245,29.63090262,Carysfort,UK2,Offshore,UK2-O,UK2-O_913,srad,2017,Irma,Fall,run1,0.716406893
231,914,456,4.168959282,19.99136485,Carysfort,UK2,Offshore,UK2-O,UK2-O_914,srad,2017,Irma,Fall,run1,0.680925141
232,915,150,2.411060962,5.143793627,Carysfort,UK2,Offshore,UK2-O,UK2-O_915,srad,2017,Irma,Fall,run1,0.481188676
233,916,70,2.677030475,6.419715465,E Sambo,LK1,Offshore,LK1-O,LK1-O_916,ssid,2017,Irma,Fall,run1,0.630112622
234,917,215,2.281812004,3.010249457,E Sambo,LK1,Offshore,LK1-O,LK1-O_917,ssid,2017,Irma,Fall,run1,0.424867956
235,918,481,4.622420903,18.44867893,E Sambo,LK1,Offshore,LK1-O,LK1-O_918,ssid,2017,Irma,Fall,run1,0.748465066
236,919,188,2.675759532,7.719759475,E Sambo,LK1,Offshore,LK1-O,LK1-O_919,ssid,2017,Irma,Fall,run1,0.510988101
237,92,284,4.01858518,16.82029941,Carysfort,UK2,Offshore,UK2-O,UK2-O_92,ssid,2015,Pre,Spring,run1,0.711383166
238,921,86,1.210111115,1.624122431,E Sambo,LK1,Offshore,LK1-O,LK1-O_921,ssid,2017,Irma,Fall,run1,0.271669682
239,922,95,1.729616751,2.726664693,E Sambo,LK1,Offshore,LK1-O,LK1-O_922,ssid,2017,Irma,Fall,run1,0.379811926
240,923,137,2.8292579,6.190090334,E Sambo,LK1,Offshore,LK1-O,LK1-O_923,ssid,2017,Irma,Fall,run1,0.575054648
241,924,456,5.055569905,78.47887756,E Sambo,LK1,Offshore,LK1-O,LK1-O_924,ssid,2017,Irma,Fall,run1,0.825737173
242,925,30,1.504286764,2.464735517,E Sambo,LK1,Offshore,LK1-O,LK1-O_925,ssid,2017,Irma,Fall,run1,0.442281525
243,926,626,5.535003449,64.99729334,E Sambo,LK1,Offshore,LK1-O,LK1-O_926,srad,2017,Irma,Fall,run1,0.859559293
244,927,1266,6.255162316,209.3140692,E Sambo,LK1,Offshore,LK1-O,LK1-O_927,srad,2017,Irma,Fall,run1,0.875629501
245,928,934,5.923954881,156.1474437,E Sambo,LK1,Offshore,LK1-O,LK1-O_928,srad,2017,Irma,Fall,run1,0.866141573
246,929,83,2.285387769,3.983303906,E Sambo,LK1,Offshore,LK1-O,LK1-O_929,srad,2017,Irma,Fall,run1,0.517191719
247,93,550,4.035306324,11.82941597,Carysfort,UK2,Offshore,UK2-O,UK2-O_93,ssid,2015,Pre,Spring,run1,0.639518001
248,930,550,5.461050881,83.75295301,E Sambo,LK1,Offshore,LK1-O,LK1-O_930,srad,2017,Irma,Fall,run1,0.865470936
249,931,401,3.115713875,5.941432606,E Sambo,LK1,Offshore,LK1-O,LK1-O_931,srad,2017,Irma,Fall,run1,0.519808796
250,932,98,2.582085316,8.566774855,E Sambo,LK1,Offshore,LK1-O,LK1-O_932,srad,2017,Irma,Fall,run1,0.563163278
251,933,956,5.711156914,97.14058889,E Sambo,LK1,Offshore,LK1-O,LK1-O_933,srad,2017,Irma,Fall,run1,0.832195596
252,934,764,5.150825232,66.14613982,E Sambo,LK1,Offshore,LK1-O,LK1-O_934,srad,2017,Irma,Fall,run1,0.775894048
253,935,323,3.973667849,19.57697263,E Sambo,LK1,Offshore,LK1-O,LK1-O_935,srad,2017,Irma,Fall,run1,0.687765138
254,94,89,2.998850382,9.936136494,Carysfort,UK2,Offshore,UK2-O,UK2-O_94,ssid,2015,Pre,Spring,run1,0.668098312
255,943,11,1.044119106,2.031881241,E Sambo,LK1,Offshore,LK1-O,LK1-O_943,ssid,2017,Irma,Fall,run1,0.435431488
256,947,806,5.63418478,103.5299065,W Washer,LK1,Inshore,LK1-I,LK1-I_947,ssid,2017,Irma,Fall,run1,0.841917854
257,948,507,4.18700836,13.41515103,W Washer,LK1,Inshore,LK1-I,LK1-I_948,ssid,2017,Irma,Fall,run1,0.672232634
258,949,193,3.153949941,7.176645585,W Washer,LK1,Inshore,LK1-I,LK1-I_949,ssid,2017,Irma,Fall,run1,0.599303745
259,95,230,3.835430745,10.76489284,Carysfort,UK2,Offshore,UK2-O,UK2-O_95,ssid,2015,Pre,Spring,run1,0.705291432
260,950,194,3.297335194,6.376628059,W Washer,LK1,Inshore,LK1-I,LK1-I_950,ssid,2017,Irma,Fall,run1,0.625934696
261,951,225,3.482280162,6.759845175,W Washer,LK1,Inshore,LK1-I,LK1-I_951,ssid,2017,Irma,Fall,run1,0.642949706
262,952,208,3.462715188,6.730713406,W Washer,LK1,Inshore,LK1-I,LK1-I_952,ssid,2017,Irma,Fall,run1,0.648747632
263,953,252,2.439703272,2.614311319,W Washer,LK1,Inshore,LK1-I,LK1-I_953,ssid,2017,Irma,Fall,run1,0.44122155
264,955,235,2.394134096,2.744743882,W Washer,LK1,Inshore,LK1-I,LK1-I_955,ssid,2017,Irma,Fall,run1,0.438519388
265,956,511,5.355646734,83.53675519,W Washer,LK1,Inshore,LK1-I,LK1-I_956,srad,2017,Irma,Fall,run1,0.858776353
266,957,444,4.420821337,36.29376587,W Washer,LK1,Inshore,LK1-I,LK1-I_957,srad,2017,Irma,Fall,run1,0.725221222
267,958,591,5.252179408,78.38562912,W Washer,LK1,Inshore,LK1-I,LK1-I_958,srad,2017,Irma,Fall,run1,0.822991355
268,959,728,5.689440474,113.5890259,W Washer,LK1,Inshore,LK1-I,LK1-I_959,srad,2017,Irma,Fall,run1,0.863305095
269,96,104,2.922582356,10.52587753,Carysfort,UK2,Offshore,UK2-O,UK2-O_96,ssid,2015,Pre,Spring,run1,0.629271398
270,960,940,5.618886084,134.3054088,W Washer,LK1,Inshore,LK1-I,LK1-I_960,srad,2017,Irma,Fall,run1,0.820769015
271,961,673,5.884196853,166.3015073,W Washer,LK1,Inshore,LK1-I,LK1-I_961,srad,2017,Irma,Fall,run1,0.903628222
272,962,969,6.167716521,225.0665098,W Washer,LK1,Inshore,LK1-I,LK1-I_962,srad,2017,Irma,Fall,run1,0.896957413
273,963,376,4.553862658,36.24817897,W Washer,LK1,Inshore,LK1-I,LK1-I_963,srad,2017,Irma,Fall,run1,0.767989577
274,964,467,5.184154708,83.54669431,W Washer,LK1,Inshore,LK1-I,LK1-I_964,srad,2017,Irma,Fall,run1,0.843455417
275,965,114,1.532791958,1.927024581,W Washer,LK1,Inshore,LK1-I,LK1-I_965,ssid,2017,Irma,Fall,run1,0.32363339
276,97,97,2.679156774,5.80770281,Carysfort,UK2,Offshore,UK2-O,UK2-O_97,ssid,2015,Pre,Spring,run1,0.585645036
277,976,509,5.046608864,51.96663149,W Washer,LK1,Inshore,LK1-I,LK1-I_976,srad,2017,Irma,Fall,run1,0.809731401
278,977,48,2.014954372,3.76299905,W Washer,LK1,Inshore,LK1-I,LK1-I_977,ssid,2016,Pre,Spring,run1,0.520498514
279,978,253,3.53523691,6.752181812,W Washer,LK1,Inshore,LK1-I,LK1-I_978,ssid,2016,Pre,Spring,run1,0.638891753
280,979,497,4.615374559,31.38026053,W Washer,LK1,Inshore,LK1-I,LK1-I_979,ssid,2016,Pre,Spring,run1,0.7433853
281,98,96,2.489266334,4.069241729,Carysfort,UK2,Offshore,UK2-O,UK2-O_98,ssid,2015,Pre,Spring,run1,0.5453717
282,980,84,1.884021422,2.59848419,W Washer,LK1,Inshore,LK1-I,LK1-I_980,ssid,2016,Pre,Spring,run1,0.425208603
283,981,93,1.865749808,2.729157235,W Washer,LK1,Inshore,LK1-I,LK1-I_981,ssid,2016,Pre,Spring,run1,0.411629091
284,982,90,1.883823327,2.566733359,W Washer,LK1,Inshore,LK1-I,LK1-I_982,ssid,2016,Pre,Spring,run1,0.418645113
285,983,90,2.654260191,5.825784444,W Washer,LK1,Inshore,LK1-I,LK1-I_983,ssid,2016,Pre,Spring,run1,0.589860546
286,984,197,3.674765231,9.91699443,W Washer,LK1,Inshore,LK1-I,LK1-I_984,ssid,2016,Pre,Spring,run1,0.695556223
287,985,103,2.192327787,3.729710546,W Washer,LK1,Inshore,LK1-I,LK1-I_985,ssid,2016,Pre,Spring,run1,0.473021787
288,986,56,1.756443679,2.867239672,W Washer,LK1,Inshore,LK1-I,LK1-I_986,ssid,2016,Pre,Spring,run1,0.436345396
289,988,819,5.420182055,56.47784597,W Washer,LK1,Inshore,LK1-I,LK1-I_988,srad,2016,Pre,Spring,run1,0.808007471
290,989,468,4.177915357,8.09018433,W Washer,LK1,Inshore,LK1-I,LK1-I_989,srad,2016,Pre,Spring,run1,0.679505066
291,99,579,4.757534831,23.07214357,Carysfort,UK2,Offshore,UK2-O,UK2-O_99,ssid,2015,Pre,Spring,run1,0.747886906
292,990,759,5.910462117,189.6342261,W Washer,LK1,Inshore,LK1-I,LK1-I_990,srad,2016,Pre,Spring,run1,0.891203337
293,991,1154,6.035064224,140.5803378,W Washer,LK1,Inshore,LK1-I,LK1-I_991,srad,2016,Pre,Spring,run1,0.855917353
294,992,870,5.489406851,80.77770382,W Washer,LK1,Inshore,LK1-I,LK1-I_992,srad,2016,Pre,Spring,run1,0.81102347
295,993,310,4.63761339,36.04444788,W Washer,LK1,Inshore,LK1-I,LK1-I_993,srad,2016,Pre,Spring,run1,0.808429346
296,994,1401,6.402193086,277.4249767,W Washer,LK1,Inshore,LK1-I,LK1-I_994,srad,2016,Pre,Spring,run1,0.883677673
297,995,333,3.236973958,11.81425855,W Washer,LK1,Inshore,LK1-I,LK1-I_995,srad,2016,Pre,Spring,run1,0.557316554
298,996,567,5.364989683,75.11505963,W Washer,LK1,Inshore,LK1-I,LK1-I_996,srad,2016,Pre,Spring,run1,0.846164929
299,,0,0,0,Rocky Top,UK1,Offshore,UK1-O,,srad,2017,Irma,Fall,,0