"","sample_num","Observed","Shannon","InvSimpson","full_site","site","zone","site_zone","sample","spp","year","time","season","seq_run","even"
"1","1",832,5.73425579142751,118.247205066062,"E Sambo","LK1","Offshore","LK1-O","LK1-O_1","ssid","2015","Pre","Spring","run1",0.852825504189269
"2","10",1084,6.05459400469304,133.841266470219,"E Sambo","LK1","Offshore","LK1-O","LK1-O_10","ssid","2015","Pre","Spring","run1",0.866376078089968
"3","100",74,2.12702597231863,3.1176760379027,"Carysfort","UK2","Offshore","UK2-O","UK2-O_100","ssid","2015","Pre","Spring","run1",0.494190010201532
"4","1070",334,3.09767336695006,3.62637304673358,"Basin Hill","UK2","Inshore","UK2-I","UK2-I_1070","srad","2018","Post","Fall","run2",0.533057685348521
"5","1072",84,0.665830939928131,1.210047530667,"Basin Hill","UK2","Inshore","UK2-I","UK2-I_1072","srad","2018","Post","Fall","run2",0.150272730775497
"6","1073",256,2.16276615164979,2.1009022003287,"Basin Hill","UK2","Inshore","UK2-I","UK2-I_1073","srad","2018","Post","Fall","run2",0.390026500198458
"7","1074",422,5.36255873029876,109.38980378543,"Basin Hill","UK2","Inshore","UK2-I","UK2-I_1074","srad","2018","Post","Fall","run2",0.887105709873792
"8","1075",76,2.71895949155736,5.90155235213441,"Basin Hill","UK2","Inshore","UK2-I","UK2-I_1075","srad","2018","Post","Fall","run2",0.627828886684026
"9","1076",426,5.32849620280081,88.9062619398905,"Basin Hill","UK2","Inshore","UK2-I","UK2-I_1076","srad","2018","Post","Fall","run2",0.880097379468196
"10","1077",354,4.49935730050997,29.8885872035349,"Basin Hill","UK2","Inshore","UK2-I","UK2-I_1077","srad","2018","Post","Fall","run2",0.766592211486476
"11","1078",104,0.853009244329772,1.28792941482618,"Basin Hill","UK2","Inshore","UK2-I","UK2-I_1078","srad","2018","Post","Fall","run2",0.18366439493443
"12","1079",387,3.38946689820982,4.38461971069917,"Basin Hill","UK2","Inshore","UK2-I","UK2-I_1079","srad","2018","Post","Fall","run2",0.568852855046544
"13","1080",144,3.88989427237332,16.8434345684072,"Basin Hill","UK2","Inshore","UK2-I","UK2-I_1080","ssid","2018","Post","Fall","run2",0.782704306559199
"14","1081",651,5.65694547208369,102.731119548459,"Basin Hill","UK2","Inshore","UK2-I","UK2-I_1081","ssid","2018","Post","Fall","run2",0.873186239506035
"15","1082",896,6.15083570279262,227.447029278636,"Basin Hill","UK2","Inshore","UK2-I","UK2-I_1082","ssid","2018","Post","Fall","run2",0.904808711040301
"16","1083",298,2.85871939498172,3.16598445370807,"Basin Hill","UK2","Inshore","UK2-I","UK2-I_1083","ssid","2018","Post","Fall","run2",0.501785586238512
"17","1084",208,1.74325406347425,1.78939829131097,"Basin Hill","UK2","Inshore","UK2-I","UK2-I_1084","ssid","2018","Post","Fall","run2",0.326602646659114
"18","1085",133,3.04316226899969,7.80076661550395,"Basin Hill","UK2","Inshore","UK2-I","UK2-I_1085","ssid","2018","Post","Fall","run2",0.622279143924077
"19","1089",544,4.62683093608759,14.6964943152502,"Basin Hill","UK2","Inshore","UK2-I","UK2-I_1089","ssid","2018","Post","Fall","run2",0.734540120067967
"20","1100",79,0.636007332131996,1.2050412072306,"Carysfort","UK2","Offshore","UK2-O","UK2-O_1100","srad","2018","Post","Fall","run2",0.145557826436332
"21","1101",348,4.20567331598595,28.2420996810743,"Carysfort","UK2","Offshore","UK2-O","UK2-O_1101","srad","2018","Post","Fall","run2",0.718647950155687
"22","1102",678,5.2263892889883,40.2468294811685,"Carysfort","UK2","Offshore","UK2-O","UK2-O_1102","srad","2018","Post","Fall","run2",0.801698298588294
"23","1103",134,1.17152755030368,1.41949324138208,"Carysfort","UK2","Offshore","UK2-O","UK2-O_1103","srad","2018","Post","Fall","run2",0.239192704978922
"24","1106",127,1.61477691147253,1.87518333404001,"Carysfort","UK2","Offshore","UK2-O","UK2-O_1106","srad","2018","Post","Fall","run2",0.333343217892319
"25","1108",143,1.5935869831577,1.95345444363422,"Carysfort","UK2","Offshore","UK2-O","UK2-O_1108","srad","2018","Post","Fall","run2",0.321103540788106
"26","1109",90,0.882996456804924,1.35903663216975,"Carysfort","UK2","Offshore","UK2-O","UK2-O_1109","srad","2018","Post","Fall","run2",0.196229734476773
"27","111",941,6.00564998488878,185.024343698774,"Carysfort","UK2","Offshore","UK2-O","UK2-O_111","srad","2015","Pre","Spring","run1",0.877128648866281
"28","1110",243,4.58839605067999,45.6504548445319,"Carysfort","UK2","Offshore","UK2-O","UK2-O_1110","ssid","2018","Post","Fall","run2",0.835307614525718
"29","1111",171,1.49917355391623,1.61289892588929,"Carysfort","UK2","Offshore","UK2-O","UK2-O_1111","ssid","2018","Post","Fall","run2",0.29157363904533
"30","1112",185,3.89542661188776,13.9003001545805,"Carysfort","UK2","Offshore","UK2-O","UK2-O_1112","ssid","2018","Post","Fall","run2",0.746199443565577
"31","1113",73,0.566622614749595,1.17415711627323,"Carysfort","UK2","Offshore","UK2-O","UK2-O_1113","ssid","2018","Post","Fall","run2",0.132065719888948
"32","1114",94,1.20504821346827,1.50336883834963,"Carysfort","UK2","Offshore","UK2-O","UK2-O_1114","ssid","2018","Post","Fall","run2",0.265236633592633
"33","1115",396,5.22496277161335,90.4059150871782,"Carysfort","UK2","Offshore","UK2-O","UK2-O_1115","ssid","2018","Post","Fall","run2",0.873533011939248
"34","1116",120,1.38687420960754,1.6175309771887,"Carysfort","UK2","Offshore","UK2-O","UK2-O_1116","ssid","2018","Post","Fall","run2",0.289687018614389
"35","1117",233,2.13751472211513,2.10086718241278,"Carysfort","UK2","Offshore","UK2-O","UK2-O_1117","ssid","2018","Post","Fall","run2",0.392129818991996
"36","1118",161,2.11815407443105,2.60137806820719,"Carysfort","UK2","Offshore","UK2-O","UK2-O_1118","ssid","2018","Post","Fall","run2",0.416844226967465
"37","112",504,4.61286636532418,37.3864810484529,"Carysfort","UK2","Offshore","UK2-O","UK2-O_112","srad","2015","Pre","Spring","run1",0.741311342215802
"38","113",1166,5.92952560575452,39.8018983860824,"Carysfort","UK2","Offshore","UK2-O","UK2-O_113","srad","2015","Pre","Spring","run1",0.839717438327294
"39","114",952,5.80297917707408,89.6934116112198,"Carysfort","UK2","Offshore","UK2-O","UK2-O_114","srad","2015","Pre","Spring","run1",0.846092316342758
"40","1140",492,5.02417633929957,60.8015758160476,"Cheeca Rocks","UK1","Inshore","UK1-I","UK1-I_1140","ssid","2018","Post","Fall","run2",0.81054990572634
"41","1141",244,4.03660329452544,26.4292316913136,"Cheeca Rocks","UK1","Inshore","UK1-I","UK1-I_1141","ssid","2018","Post","Fall","run2",0.734305942458245
"42","1142",208,3.84815479752473,13.0403781838999,"Cheeca Rocks","UK1","Inshore","UK1-I","UK1-I_1142","ssid","2018","Post","Fall","run2",0.720960626427994
"43","1144",382,5.2751997675036,68.1401456960206,"Cheeca Rocks","UK1","Inshore","UK1-I","UK1-I_1144","ssid","2018","Post","Fall","run2",0.887271080513166
"44","1147",103,3.44083267819485,11.6539160625251,"Cheeca Rocks","UK1","Inshore","UK1-I","UK1-I_1147","ssid","2018","Post","Fall","run2",0.742402131156577
"45","115",1288,6.33757698183597,177.238478034147,"Carysfort","UK2","Offshore","UK2-O","UK2-O_115","srad","2015","Pre","Spring","run1",0.885031889310431
"46","116",875,6.09328814315522,229.552732626083,"Carysfort","UK2","Offshore","UK2-O","UK2-O_116","srad","2015","Pre","Spring","run1",0.899481364267616
"47","117",1028,5.94887616925897,125.214209432666,"Carysfort","UK2","Offshore","UK2-O","UK2-O_117","srad","2015","Pre","Spring","run1",0.857758964076251
"48","1170",86,0.957396102115501,1.3596933143183,"Rocky Top","UK1","Offshore","UK1-O","UK1-O_1170","ssid","2018","Post","Fall","run2",0.214935216865725
"49","1172",101,0.758667003921584,1.23331477993016,"Rocky Top","UK1","Offshore","UK1-O","UK1-O_1172","ssid","2018","Post","Fall","run2",0.164387257310637
"50","1173",437,4.99347456086545,68.9147689475747,"Rocky Top","UK1","Offshore","UK1-O","UK1-O_1173","ssid","2018","Post","Fall","run2",0.821304182238954
"51","1174",166,1.55504540501347,1.66987540355782,"Rocky Top","UK1","Offshore","UK1-O","UK1-O_1174","ssid","2018","Post","Fall","run2",0.30419583719573
"52","1175",179,1.98935652711768,2.0621744576413,"Rocky Top","UK1","Offshore","UK1-O","UK1-O_1175","ssid","2018","Post","Fall","run2",0.383498856953681
"53","1177",316,4.97555751009396,58.2066576871272,"Rocky Top","UK1","Offshore","UK1-O","UK1-O_1177","ssid","2018","Post","Fall","run2",0.864451069116462
"54","1178",108,3.27577085574012,15.3334428217184,"Rocky Top","UK1","Offshore","UK1-O","UK1-O_1178","ssid","2018","Post","Fall","run2",0.699632431650599
"55","1179",276,4.6691143638548,24.6648837285151,"Rocky Top","UK1","Offshore","UK1-O","UK1-O_1179","ssid","2018","Post","Fall","run2",0.830744011932507
"56","118",950,5.91919464204662,136.71574875035,"Carysfort","UK2","Offshore","UK2-O","UK2-O_118","srad","2015","Pre","Spring","run1",0.863301605893264
"57","119",859,5.17287319064808,26.4400889435852,"Carysfort","UK2","Offshore","UK2-O","UK2-O_119","srad","2015","Pre","Spring","run1",0.76569717679579
"58","1190",542,3.81153036231632,4.5664030480929,"W Washer","LK1","Inshore","LK1-I","LK1-I_1190","srad","2018","Post","Fall","run2",0.605459779053764
"59","1191",86,0.7885672401396,1.26383491884383,"W Washer","LK1","Inshore","LK1-I","LK1-I_1191","srad","2018","Post","Fall","run2",0.17703317404165
"60","1193",694,5.72136905067463,132.364266461301,"W Washer","LK1","Inshore","LK1-I","LK1-I_1193","srad","2018","Post","Fall","run2",0.874496533605538
"61","1194",224,2.00321201098277,1.96909183271481,"W Washer","LK1","Inshore","LK1-I","LK1-I_1194","srad","2018","Post","Fall","run2",0.370166857142495
"62","1197",133,1.57527349306943,1.69320530424968,"W Washer","LK1","Inshore","LK1-I","LK1-I_1197","srad","2018","Post","Fall","run2",0.322118820510927
"63","1198",156,3.72566227907564,13.6468915313482,"W Washer","LK1","Inshore","LK1-I","LK1-I_1198","srad","2018","Post","Fall","run2",0.737775943259987
"64","1199",82,0.745352222064035,1.24977762221317,"W Washer","LK1","Inshore","LK1-I","LK1-I_1199","srad","2018","Post","Fall","run2",0.169139938408093
"65","120",746,5.31218331481385,49.7983373117129,"Carysfort","UK2","Offshore","UK2-O","UK2-O_120","srad","2015","Pre","Spring","run1",0.803084456693141
"66","1201",130,1.17868828454357,1.44256736360394,"W Washer","LK1","Inshore","LK1-I","LK1-I_1201","ssid","2018","Post","Fall","run2",0.242153044121392
"67","1202",130,1.6686192411854,2.1446678806314,"W Washer","LK1","Inshore","LK1-I","LK1-I_1202","ssid","2018","Post","Fall","run2",0.342805841061737
"68","1203",118,1.02963691729823,1.36600510474979,"W Washer","LK1","Inshore","LK1-I","LK1-I_1203","ssid","2018","Post","Fall","run2",0.215825819216367
"69","1204",139,1.67274593441344,2.14261014822329,"W Washer","LK1","Inshore","LK1-I","LK1-I_1204","ssid","2018","Post","Fall","run2",0.338991746046608
"70","1205",73,0.639847891959235,1.2078942055578,"W Washer","LK1","Inshore","LK1-I","LK1-I_1205","ssid","2018","Post","Fall","run2",0.149132721270516
"71","1208",513,5.63755566247925,138.832794830372,"W Washer","LK1","Inshore","LK1-I","LK1-I_1208","ssid","2018","Post","Fall","run2",0.903414496787358
"72","1209",232,2.02620402062064,2.01089245600899,"W Washer","LK1","Inshore","LK1-I","LK1-I_1209","ssid","2018","Post","Fall","run2",0.372003253022784
"73","121",538,5.13014205180725,47.6335945176488,"Basin Hill","UK2","Inshore","UK2-I","UK2-I_121","ssid","2015","Pre","Spring","run1",0.815880637696032
"74","122",77,2.65932311323549,5.90456582019592,"Basin Hill","UK2","Inshore","UK2-I","UK2-I_122","ssid","2015","Pre","Spring","run1",0.612210459487075
"75","1221",245,4.6605863228514,48.5413524182419,"E Sambo","LK1","Offshore","LK1-O","LK1-O_1221","srad","2018","Post","Fall","run2",0.847185524562011
"76","1222",114,3.3676270122282,7.14660679109559,"E Sambo","LK1","Offshore","LK1-O","LK1-O_1222","srad","2018","Post","Fall","run2",0.71104009870401
"77","1223",189,1.56699287609336,1.63612476952275,"E Sambo","LK1","Offshore","LK1-O","LK1-O_1223","srad","2018","Post","Fall","run2",0.298944773868589
"78","1225",219,3.22382874587606,5.55736412290648,"E Sambo","LK1","Offshore","LK1-O","LK1-O_1225","srad","2018","Post","Fall","run2",0.598215965105707
"79","1226",141,1.36944781081557,1.54533749455684,"E Sambo","LK1","Offshore","LK1-O","LK1-O_1226","srad","2018","Post","Fall","run2",0.27672545064839
"80","1227",251,3.91424105677016,15.7955528077966,"E Sambo","LK1","Offshore","LK1-O","LK1-O_1227","srad","2018","Post","Fall","run2",0.70840184504136
"81","1228",53,2.59985181349014,5.59997482325369,"E Sambo","LK1","Offshore","LK1-O","LK1-O_1228","srad","2018","Post","Fall","run2",0.654826362922045
"82","123",206,3.95193511651204,20.0132583701732,"Basin Hill","UK2","Inshore","UK2-I","UK2-I_123","ssid","2015","Pre","Spring","run1",0.741746803287634
"83","1230",330,3.00004895225072,3.15233149563696,"E Sambo","LK1","Offshore","LK1-O","LK1-O_1230","ssid","2018","Post","Fall","run2",0.517330749999856
"84","1231",100,0.772142505065767,1.24320766812134,"E Sambo","LK1","Offshore","LK1-O","LK1-O_1231","ssid","2018","Post","Fall","run2",0.167668614596508
"85","1232",185,1.69297214827682,1.76956341565401,"E Sambo","LK1","Offshore","LK1-O","LK1-O_1232","ssid","2018","Post","Fall","run2",0.324302060051896
"86","1233",647,5.79701474512059,181.686046511628,"E Sambo","LK1","Offshore","LK1-O","LK1-O_1233","ssid","2018","Post","Fall","run2",0.89565892820752
"87","1234",461,5.5867462257569,163.495838287753,"E Sambo","LK1","Offshore","LK1-O","LK1-O_1234","ssid","2018","Post","Fall","run2",0.910872926653776
"88","1235",168,2.99467233073126,4.93947066509605,"E Sambo","LK1","Offshore","LK1-O","LK1-O_1235","ssid","2018","Post","Fall","run2",0.584444454092361
"89","1236",291,5.02497072592622,72.7236884493146,"E Sambo","LK1","Offshore","LK1-O","LK1-O_1236","ssid","2018","Post","Fall","run2",0.885719090784595
"90","1237",194,4.22112056950857,24.0868879740738,"E Sambo","LK1","Offshore","LK1-O","LK1-O_1237","ssid","2018","Post","Fall","run2",0.801297309466495
"91","124",141,3.18449235506052,8.37106539171882,"Basin Hill","UK2","Inshore","UK2-I","UK2-I_124","ssid","2015","Pre","Spring","run1",0.643493001398614
"92","125",100,1.94634401228309,2.29564230174378,"Basin Hill","UK2","Inshore","UK2-I","UK2-I_125","ssid","2015","Pre","Spring","run1",0.42264323220999
"93","126",74,2.72793572306899,6.27419453860921,"Basin Hill","UK2","Inshore","UK2-I","UK2-I_126","ssid","2015","Pre","Spring","run1",0.63380447646487
"94","127",67,2.38919736741268,4.6067608060141,"Basin Hill","UK2","Inshore","UK2-I","UK2-I_127","ssid","2015","Pre","Spring","run1",0.568221647497921
"95","128",143,3.73112317353317,16.6842977868624,"Basin Hill","UK2","Inshore","UK2-I","UK2-I_128","ssid","2015","Pre","Spring","run1",0.7518114008211
"96","129",179,3.70984292825012,9.59793382660896,"Basin Hill","UK2","Inshore","UK2-I","UK2-I_129","ssid","2015","Pre","Spring","run1",0.715166187190668
"97","130",25,0.885861803456606,2.05392960528022,"Basin Hill","UK2","Inshore","UK2-I","UK2-I_130","ssid","2015","Pre","Spring","run1",0.275208442839785
"98","141",438,4.31087201947551,25.789455735916,"Basin Hill","UK2","Inshore","UK2-I","UK2-I_141","srad","2015","Pre","Spring","run1",0.708766337252517
"99","143",866,5.62589607047623,66.0826634044041,"Basin Hill","UK2","Inshore","UK2-I","UK2-I_143","srad","2015","Pre","Spring","run1",0.831755144643928
"100","144",528,4.83856767540779,40.410382462562,"Basin Hill","UK2","Inshore","UK2-I","UK2-I_144","srad","2015","Pre","Spring","run1",0.771812627600488
"101","145",892,5.85591797951152,160.863183867949,"Basin Hill","UK2","Inshore","UK2-I","UK2-I_145","srad","2015","Pre","Spring","run1",0.861992665486002
"102","147",627,5.34290247574407,73.6145856654759,"Basin Hill","UK2","Inshore","UK2-I","UK2-I_147","srad","2015","Pre","Spring","run1",0.829521319892689
"103","148",667,5.81108203334898,141.324761967054,"Basin Hill","UK2","Inshore","UK2-I","UK2-I_148","srad","2015","Pre","Spring","run1",0.893629041121956
"104","149",1269,6.4685319744032,264.339893040652,"Basin Hill","UK2","Inshore","UK2-I","UK2-I_149","srad","2015","Pre","Spring","run1",0.905198157598589
"105","150",338,4.63573360727288,47.7695942190106,"Basin Hill","UK2","Inshore","UK2-I","UK2-I_150","srad","2015","Pre","Spring","run1",0.796101162600978
"106","2",180,3.5312481814802,14.1527088986619,"E Sambo","LK1","Offshore","LK1-O","LK1-O_2","ssid","2015","Pre","Spring","run1",0.680007225724367
"107","21",1281,6.51733402955469,328.361773262125,"E Sambo","LK1","Offshore","LK1-O","LK1-O_21","srad","2015","Pre","Spring","run1",0.910827822049087
"108","22",1559,6.80724473042157,434.002869440459,"E Sambo","LK1","Offshore","LK1-O","LK1-O_22","srad","2015","Pre","Spring","run1",0.925929004007831
"109","23",1176,5.92567855800359,81.427525464608,"E Sambo","LK1","Offshore","LK1-O","LK1-O_23","srad","2015","Pre","Spring","run1",0.83815898986812
"110","24",837,5.75764400090831,116.044438306557,"E Sambo","LK1","Offshore","LK1-O","LK1-O_24","srad","2015","Pre","Spring","run1",0.855541532824875
"111","25",1240,5.95815957267296,96.9918110054444,"E Sambo","LK1","Offshore","LK1-O","LK1-O_25","srad","2015","Pre","Spring","run1",0.836483379269774
"112","26",1310,6.49211207369372,235.057346221987,"E Sambo","LK1","Offshore","LK1-O","LK1-O_26","srad","2015","Pre","Spring","run1",0.904473233828542
"113","27",998,6.18378809463179,208.93481233855,"E Sambo","LK1","Offshore","LK1-O","LK1-O_27","srad","2015","Pre","Spring","run1",0.895454535835185
"114","28",1348,6.34162968804004,192.029353511757,"E Sambo","LK1","Offshore","LK1-O","LK1-O_28","srad","2015","Pre","Spring","run1",0.880002452209168
"115","29",1226,6.48474136945591,309.115062333946,"E Sambo","LK1","Offshore","LK1-O","LK1-O_29","srad","2015","Pre","Spring","run1",0.911865333733122
"116","3",386,4.69262509218754,51.3117139978356,"E Sambo","LK1","Offshore","LK1-O","LK1-O_3","ssid","2015","Pre","Spring","run1",0.787903497205331
"117","30",843,5.25579563445194,40.7575377866164,"E Sambo","LK1","Offshore","LK1-O","LK1-O_30","srad","2015","Pre","Spring","run1",0.780142706238057
"118","31",64,1.84888739058322,2.74806685987621,"Rocky Top","UK1","Offshore","UK1-O","UK1-O_31","ssid","2015","Pre","Spring","run1",0.444563444926092
"119","32",114,2.46747159788007,3.72660492862905,"Rocky Top","UK1","Offshore","UK1-O","UK1-O_32","ssid","2015","Pre","Spring","run1",0.520981463248549
"120","33",239,4.08474120498361,16.4302342381097,"Rocky Top","UK1","Offshore","UK1-O","UK1-O_33","ssid","2015","Pre","Spring","run1",0.745872069858466
"121","35",38,0.85765276297916,1.45979948676828,"Rocky Top","UK1","Offshore","UK1-O","UK1-O_35","ssid","2015","Pre","Spring","run1",0.235775243614758
"122","36",175,3.37633485799352,11.4133629539972,"Rocky Top","UK1","Offshore","UK1-O","UK1-O_36","ssid","2015","Pre","Spring","run1",0.653722124215853
"123","37",207,3.276411494401,8.89790674170127,"Rocky Top","UK1","Offshore","UK1-O","UK1-O_37","ssid","2015","Pre","Spring","run1",0.6143979499798
"124","38",122,3.45569058770596,14.2491342178945,"Rocky Top","UK1","Offshore","UK1-O","UK1-O_38","ssid","2015","Pre","Spring","run1",0.719332941202351
"125","39",153,3.01857944129541,8.08138556357312,"Rocky Top","UK1","Offshore","UK1-O","UK1-O_39","ssid","2015","Pre","Spring","run1",0.600062954451461
"126","4",1020,5.83917972155676,75.5245523453807,"E Sambo","LK1","Offshore","LK1-O","LK1-O_4","ssid","2015","Pre","Spring","run1",0.84289150672632
"127","40",887,5.77939688594289,114.436819526515,"Rocky Top","UK1","Offshore","UK1-O","UK1-O_40","ssid","2015","Pre","Spring","run1",0.851433245898382
"128","5",1385,6.06491153916777,86.4073399107648,"E Sambo","LK1","Offshore","LK1-O","LK1-O_5","ssid","2015","Pre","Spring","run1",0.838452881530806
"129","51",1882,6.94487812298187,432.847780671379,"Rocky Top","UK1","Offshore","UK1-O","UK1-O_51","srad","2015","Pre","Spring","run1",0.921060335899002
"130","52",884,4.6313744363796,8.30741328845591,"Rocky Top","UK1","Offshore","UK1-O","UK1-O_52","srad","2015","Pre","Spring","run1",0.682644814997035
"131","53",1374,6.4453436843894,211.319752982927,"Rocky Top","UK1","Offshore","UK1-O","UK1-O_53","srad","2015","Pre","Spring","run1",0.892029646559666
"132","54",1384,6.0152229398473,62.5142077744942,"Rocky Top","UK1","Offshore","UK1-O","UK1-O_54","srad","2015","Pre","Spring","run1",0.831666650295665
"133","55",1205,6.49303402828444,253.083011227683,"Rocky Top","UK1","Offshore","UK1-O","UK1-O_55","srad","2015","Pre","Spring","run1",0.91525501612261
"134","56",764,5.13255635394845,32.8577914784811,"Rocky Top","UK1","Offshore","UK1-O","UK1-O_56","srad","2015","Pre","Spring","run1",0.773142116937372
"135","57",954,5.9180976603752,111.551992447654,"Rocky Top","UK1","Offshore","UK1-O","UK1-O_57","srad","2015","Pre","Spring","run1",0.862612998361117
"136","58",1201,6.29123091698996,238.545856005047,"Rocky Top","UK1","Offshore","UK1-O","UK1-O_58","srad","2015","Pre","Spring","run1",0.887224781423683
"137","59",1056,6.2622319792538,234.19475713423,"Rocky Top","UK1","Offshore","UK1-O","UK1-O_59","srad","2015","Pre","Spring","run1",0.899456046229176
"138","6",696,5.32784124269281,24.2052670661136,"E Sambo","LK1","Offshore","LK1-O","LK1-O_6","ssid","2015","Pre","Spring","run1",0.813988788861831
"139","60",1269,6.25687403938603,156.839769380729,"Rocky Top","UK1","Offshore","UK1-O","UK1-O_60","srad","2015","Pre","Spring","run1",0.875579014711637
"140","61",121,2.46419134008694,4.04466053999761,"Cheeca Rocks","UK1","Inshore","UK1-I","UK1-I_61","ssid","2015","Pre","Spring","run1",0.513823803741688
"141","62",102,3.02765559946735,7.74255307168196,"Cheeca Rocks","UK1","Inshore","UK1-I","UK1-I_62","ssid","2015","Pre","Spring","run1",0.654632085786763
"142","63",181,3.51590412771966,12.0773814799643,"Cheeca Rocks","UK1","Inshore","UK1-I","UK1-I_63","ssid","2015","Pre","Spring","run1",0.676330890750464
"143","64",119,3.00978079335341,8.26646378988261,"Cheeca Rocks","UK1","Inshore","UK1-I","UK1-I_64","ssid","2015","Pre","Spring","run1",0.629776735774166
"144","65",128,3.28407208368168,10.2239466800057,"Cheeca Rocks","UK1","Inshore","UK1-I","UK1-I_65","ssid","2015","Pre","Spring","run1",0.676844929864206
"145","66",199,3.96271426750393,20.7981540864763,"Cheeca Rocks","UK1","Inshore","UK1-I","UK1-I_66","ssid","2015","Pre","Spring","run1",0.74862763410006
"146","67",123,3.18737417638339,10.5672868936299,"Cheeca Rocks","UK1","Inshore","UK1-I","UK1-I_67","ssid","2015","Pre","Spring","run1",0.662354960034926
"147","68",218,3.01223313460145,3.94825218380765,"Cheeca Rocks","UK1","Inshore","UK1-I","UK1-I_68","ssid","2015","Pre","Spring","run1",0.559427225668429
"148","69",191,3.12828783802365,6.48107996002941,"Cheeca Rocks","UK1","Inshore","UK1-I","UK1-I_69","ssid","2015","Pre","Spring","run1",0.595606432315366
"149","7",1001,5.52051671005708,42.8271284728908,"E Sambo","LK1","Offshore","LK1-O","LK1-O_7","ssid","2015","Pre","Spring","run1",0.799061030011585
"150","70",180,3.11825052746544,7.35785953177257,"Cheeca Rocks","UK1","Inshore","UK1-I","UK1-I_70","ssid","2015","Pre","Spring","run1",0.600476879936117
"151","701",364,3.48752447331655,5.38695043756284,"Cheeca Rocks","UK1","Inshore","UK1-I","UK1-I_701","ssid","2017","Irma","Fall","run1",0.591391127244602
"152","702",412,4.33061914764116,12.366796317025,"Cheeca Rocks","UK1","Inshore","UK1-I","UK1-I_702","ssid","2017","Irma","Fall","run1",0.719249685040502
"153","703",154,3.39624302958385,11.143857063916,"Cheeca Rocks","UK1","Inshore","UK1-I","UK1-I_703","ssid","2017","Irma","Fall","run1",0.674265433420283
"154","704",364,3.78580205954887,6.21088171114,"Cheeca Rocks","UK1","Inshore","UK1-I","UK1-I_704","ssid","2017","Irma","Fall","run1",0.641971049852564
"155","705",19,0.774190429545511,1.4535974687318,"Cheeca Rocks","UK1","Inshore","UK1-I","UK1-I_705","ssid","2017","Irma","Fall","run1",0.262933086752126
"156","706",160,2.77322077998942,4.26683623050338,"Cheeca Rocks","UK1","Inshore","UK1-I","UK1-I_706","ssid","2017","Irma","Fall","run1",0.546428729527494
"157","707",395,3.89006349985388,8.40045365226732,"Cheeca Rocks","UK1","Inshore","UK1-I","UK1-I_707","ssid","2017","Irma","Fall","run1",0.650633521498335
"158","708",102,2.48896042271745,4.73417712802436,"Cheeca Rocks","UK1","Inshore","UK1-I","UK1-I_708","ssid","2017","Irma","Fall","run1",0.538156768309735
"159","709",115,2.04105373194002,2.73465312665322,"Cheeca Rocks","UK1","Inshore","UK1-I","UK1-I_709","ssid","2017","Irma","Fall","run1",0.430154463061641
"160","710",1174,6.11538447459141,104.220499569337,"Cheeca Rocks","UK1","Inshore","UK1-I","UK1-I_710","ssid","2017","Irma","Fall","run1",0.865200291426932
"161","711",492,4.46334976207033,11.1516708336436,"Cheeca Rocks","UK1","Inshore","UK1-I","UK1-I_711","ssid","2017","Irma","Fall","run1",0.720071805714955
"162","725",408,4.53710126173452,18.6954124856926,"Cheeca Rocks","UK1","Inshore","UK1-I","UK1-I_725","ssid","2017","Irma","Fall","run1",0.754766196560584
"163","726",523,3.33541239479729,3.90420412443996,"Cheeca Rocks","UK1","Inshore","UK1-I","UK1-I_726","srad","2017","Irma","Fall","run1",0.532849107235885
"164","727",135,2.36254792195869,3.88240908039654,"Cheeca Rocks","UK1","Inshore","UK1-I","UK1-I_727","srad","2017","Irma","Fall","run1",0.481634164989793
"165","729",971,6.25380200575929,295.306337615682,"Cheeca Rocks","UK1","Inshore","UK1-I","UK1-I_729","srad","2017","Irma","Fall","run1",0.909204009810954
"166","731",613,5.36037702190816,52.9329213023074,"Cheeca Rocks","UK1","Inshore","UK1-I","UK1-I_731","srad","2017","Irma","Fall","run1",0.835162393446279
"167","732",574,5.24998750090881,69.0103572569239,"Cheeca Rocks","UK1","Inshore","UK1-I","UK1-I_732","srad","2017","Irma","Fall","run1",0.826427479611894
"168","733",894,5.77099284005741,56.2098401596545,"Cheeca Rocks","UK1","Inshore","UK1-I","UK1-I_733","srad","2017","Irma","Fall","run1",0.849211697943186
"169","735",1724,6.47081233069128,74.8795738423989,"Cheeca Rocks","UK1","Inshore","UK1-I","UK1-I_735","srad","2017","Irma","Fall","run1",0.86828541172368
"170","761",78,1.68102135378616,2.20461735057905,"Rocky Top","UK1","Offshore","UK1-O","UK1-O_761","ssid","2017","Irma","Fall","run1",0.385846615107273
"171","762",24,0.887814224037517,1.71457326056968,"Rocky Top","UK1","Offshore","UK1-O","UK1-O_762","ssid","2017","Irma","Fall","run1",0.279357830745213
"172","763",135,2.43479310205153,3.39091727394912,"Rocky Top","UK1","Offshore","UK1-O","UK1-O_763","ssid","2017","Irma","Fall","run1",0.496362224753215
"173","764",82,2.53913228992826,8.1955487739459,"Rocky Top","UK1","Offshore","UK1-O","UK1-O_764","ssid","2017","Irma","Fall","run1",0.576195611169145
"174","765",418,4.04634207763663,15.6476794362076,"Rocky Top","UK1","Offshore","UK1-O","UK1-O_765","ssid","2017","Irma","Fall","run1",0.670425735357448
"175","766",75,1.94141321215949,2.62615255541573,"Rocky Top","UK1","Offshore","UK1-O","UK1-O_766","ssid","2017","Irma","Fall","run1",0.449662665213303
"176","767",170,2.14976436144207,2.89462050329078,"Rocky Top","UK1","Offshore","UK1-O","UK1-O_767","ssid","2017","Irma","Fall","run1",0.418584254773983
"177","768",88,1.86373200635259,2.6365318197578,"Rocky Top","UK1","Offshore","UK1-O","UK1-O_768","ssid","2017","Irma","Fall","run1",0.416259058359403
"178","769",74,2.24728948220199,3.70923792756478,"Rocky Top","UK1","Offshore","UK1-O","UK1-O_769","ssid","2017","Irma","Fall","run1",0.52213185291977
"179","770",127,1.78795004192801,2.26465177291914,"Rocky Top","UK1","Offshore","UK1-O","UK1-O_770","ssid","2017","Irma","Fall","run1",0.36909186412846
"180","771",826,4.97270393933706,21.7997593018312,"Rocky Top","UK1","Offshore","UK1-O","UK1-O_771","ssid","2017","Irma","Fall","run1",0.740360868418188
"181","772",562,4.1178168284094,7.35483262346029,"Rocky Top","UK1","Offshore","UK1-O","UK1-O_772","ssid","2017","Irma","Fall","run1",0.650369679427408
"182","798",551,4.92945068491532,49.0248511427247,"Carysfort","UK2","Offshore","UK2-O","UK2-O_798","ssid","2017","Irma","Fall","run1",0.780997750058656
"183","8",103,2.97207762891256,7.77650154604563,"E Sambo","LK1","Offshore","LK1-O","LK1-O_8","ssid","2015","Pre","Spring","run1",0.641262441981064
"184","800",893,5.81874356560753,86.6082216254288,"Carysfort","UK2","Offshore","UK2-O","UK2-O_800","ssid","2017","Irma","Fall","run1",0.856379339102765
"185","801",67,1.68332498567811,2.37387876408887,"Basin Hill","UK2","Inshore","UK2-I","UK2-I_801","ssid","2017","Irma","Fall","run1",0.400344362371473
"186","808",129,2.32043919037277,3.34862372118551,"Basin Hill","UK2","Inshore","UK2-I","UK2-I_808","ssid","2017","Irma","Fall","run1",0.477475054035044
"187","809",467,4.40854164879466,9.47549308586582,"Basin Hill","UK2","Inshore","UK2-I","UK2-I_809","ssid","2017","Irma","Fall","run1",0.717264152956667
"188","81",995,5.89523967169183,134.548495280795,"Cheeca Rocks","UK1","Inshore","UK1-I","UK1-I_81","srad","2015","Pre","Spring","run1",0.854043080579664
"189","82",1319,6.70119002572187,490.641320919973,"Cheeca Rocks","UK1","Inshore","UK1-I","UK1-I_82","srad","2015","Pre","Spring","run1",0.932712027758232
"190","820",126,2.0747088904002,3.77613899586909,"Carysfort","UK2","Offshore","UK2-O","UK2-O_820","ssid","2017","Irma","Fall","run1",0.428988410997732
"191","821",193,3.19818769538192,6.22800382286198,"Basin Hill","UK2","Inshore","UK2-I","UK2-I_821","ssid","2017","Irma","Fall","run1",0.607709665699973
"192","822",94,2.22833458510715,3.02393013351876,"Basin Hill","UK2","Inshore","UK2-I","UK2-I_822","ssid","2017","Irma","Fall","run1",0.490466652924025
"193","823",174,3.30650042109004,8.06778970299332,"Basin Hill","UK2","Inshore","UK2-I","UK2-I_823","ssid","2017","Irma","Fall","run1",0.640911994409802
"194","824",86,2.45189114770938,4.57689239748669,"Basin Hill","UK2","Inshore","UK2-I","UK2-I_824","ssid","2017","Irma","Fall","run1",0.55044902982119
"195","825",65,1.51477182271084,2.02442344754829,"Basin Hill","UK2","Inshore","UK2-I","UK2-I_825","ssid","2017","Irma","Fall","run1",0.362872854091639
"196","826",181,3.43097159140111,9.15609553818168,"Basin Hill","UK2","Inshore","UK2-I","UK2-I_826","ssid","2017","Irma","Fall","run1",0.659992988505309
"197","829",117,2.55317534632381,3.43251349403321,"Basin Hill","UK2","Inshore","UK2-I","UK2-I_829","ssid","2017","Irma","Fall","run1",0.536136516910369
"198","83",1469,6.68748155993095,358.70983042808,"Cheeca Rocks","UK1","Inshore","UK1-I","UK1-I_83","srad","2015","Pre","Spring","run1",0.917055999793982
"199","830",74,2.29592665468755,4.93931581087237,"Basin Hill","UK2","Inshore","UK2-I","UK2-I_830","ssid","2017","Irma","Fall","run1",0.533432140306767
"200","84",990,6.00607703163403,84.8084870165916,"Cheeca Rocks","UK1","Inshore","UK1-I","UK1-I_84","srad","2015","Pre","Spring","run1",0.870735568011962
"201","846",20,0.723476352472698,1.50981569866934,"Basin Hill","UK2","Inshore","UK2-I","UK2-I_846","srad","2017","Irma","Fall","run1",0.241502339464535
"202","847",632,5.39911506142933,72.2225936148065,"Basin Hill","UK2","Inshore","UK2-I","UK2-I_847","srad","2017","Irma","Fall","run1",0.837216260264858
"203","848",136,1.84018860612392,2.60991179792294,"Basin Hill","UK2","Inshore","UK2-I","UK2-I_848","srad","2017","Irma","Fall","run1",0.374581290346067
"204","85",23,1.62519227156535,3.03188298074288,"Cheeca Rocks","UK1","Inshore","UK1-I","UK1-I_85","srad","2015","Pre","Spring","run1",0.518320927944608
"205","851",155,3.00571819212882,6.55839070750835,"Basin Hill","UK2","Inshore","UK2-I","UK2-I_851","srad","2017","Irma","Fall","run1",0.595967645488677
"206","852",285,3.83539464785063,15.1435811741006,"Basin Hill","UK2","Inshore","UK2-I","UK2-I_852","srad","2017","Irma","Fall","run1",0.678531975123275
"207","853",246,2.91882636533405,5.47201314006726,"Basin Hill","UK2","Inshore","UK2-I","UK2-I_853","srad","2017","Irma","Fall","run1",0.530181760405049
"208","854",165,2.70731901676623,4.29753550190526,"Basin Hill","UK2","Inshore","UK2-I","UK2-I_854","srad","2017","Irma","Fall","run1",0.530228736402473
"209","855",199,3.20292192954005,5.66890024459665,"Basin Hill","UK2","Inshore","UK2-I","UK2-I_855","srad","2017","Irma","Fall","run1",0.605089265704012
"210","86",708,5.00540423378045,33.922976340266,"Cheeca Rocks","UK1","Inshore","UK1-I","UK1-I_86","srad","2015","Pre","Spring","run1",0.762734761975415
"211","87",1009,5.88768472147564,48.1485490176104,"Cheeca Rocks","UK1","Inshore","UK1-I","UK1-I_87","srad","2015","Pre","Spring","run1",0.851225575168288
"212","88",1280,6.29360683925074,185.578268017963,"Cheeca Rocks","UK1","Inshore","UK1-I","UK1-I_88","srad","2015","Pre","Spring","run1",0.879656910300438
"213","883",228,3.78101994179729,11.5326402311865,"Carysfort","UK2","Offshore","UK2-O","UK2-O_883","ssid","2017","Irma","Fall","run1",0.696404355182933
"214","884",141,3.13302023355766,6.73771597442296,"Carysfort","UK2","Offshore","UK2-O","UK2-O_884","ssid","2017","Irma","Fall","run1",0.633091987277291
"215","885",136,1.91028892772249,2.30488167080377,"Carysfort","UK2","Offshore","UK2-O","UK2-O_885","ssid","2017","Irma","Fall","run1",0.388850626016706
"216","886",28,1.23444211606798,2.27371397234442,"Carysfort","UK2","Offshore","UK2-O","UK2-O_886","ssid","2017","Irma","Fall","run1",0.370458089321497
"217","887",161,1.66306079100516,1.87920040116114,"Carysfort","UK2","Offshore","UK2-O","UK2-O_887","ssid","2017","Irma","Fall","run1",0.327283693945945
"218","888",162,3.15267966694953,6.94842910374223,"Carysfort","UK2","Offshore","UK2-O","UK2-O_888","ssid","2017","Irma","Fall","run1",0.619679600977133
"219","889",332,4.58981283088843,16.4245961721189,"Carysfort","UK2","Offshore","UK2-O","UK2-O_889","ssid","2017","Irma","Fall","run1",0.790647048770531
"220","89",750,6.05937500630273,218.458871957825,"Cheeca Rocks","UK1","Inshore","UK1-I","UK1-I_89","srad","2015","Pre","Spring","run1",0.915303323281301
"221","890",449,4.99709600445276,24.3651764038772,"Carysfort","UK2","Offshore","UK2-O","UK2-O_890","ssid","2017","Irma","Fall","run1",0.818254016123422
"222","90",403,5.40424692285134,116.676437916564,"Cheeca Rocks","UK1","Inshore","UK1-I","UK1-I_90","srad","2015","Pre","Spring","run1",0.900867489936856
"223","906",1603,6.64562975751705,303.812469869838,"Carysfort","UK2","Offshore","UK2-O","UK2-O_906","srad","2017","Irma","Fall","run1",0.900536723252128
"224","907",346,4.77506296960755,68.5878831851986,"Carysfort","UK2","Offshore","UK2-O","UK2-O_907","srad","2017","Irma","Fall","run1",0.816747280409244
"225","908",679,5.44951770316973,49.202992843201,"Carysfort","UK2","Offshore","UK2-O","UK2-O_908","srad","2017","Irma","Fall","run1",0.835735982288242
"226","909",879,5.86076082917249,157.747624659734,"Carysfort","UK2","Offshore","UK2-O","UK2-O_909","srad","2017","Irma","Fall","run1",0.864573949112004
"227","91",101,2.05243507170201,3.72759683495606,"Carysfort","UK2","Offshore","UK2-O","UK2-O_91","ssid","2015","Pre","Spring","run1",0.444719712998256
"228","910",707,5.6626594347617,76.8601424898113,"Carysfort","UK2","Offshore","UK2-O","UK2-O_910","srad","2017","Irma","Fall","run1",0.863074678829884
"229","912",549,4.96459525877144,43.0732515819631,"Carysfort","UK2","Offshore","UK2-O","UK2-O_912","srad","2017","Irma","Fall","run1",0.787019306183086
"230","913",375,4.3380197255709,28.5202470183378,"Carysfort","UK2","Offshore","UK2-O","UK2-O_913","srad","2017","Irma","Fall","run1",0.731917305288223
"231","914",380,4.51046918763237,36.9222131357639,"Carysfort","UK2","Offshore","UK2-O","UK2-O_914","srad","2017","Irma","Fall","run1",0.759316355663434
"232","915",148,2.26970279045396,3.99140969465254,"Carysfort","UK2","Offshore","UK2-O","UK2-O_915","srad","2017","Irma","Fall","run1",0.454193791680641
"233","916",78,2.62120005600478,5.70780132851199,"E Sambo","LK1","Offshore","LK1-O","LK1-O_916","ssid","2017","Irma","Fall","run1",0.601646830274054
"234","917",269,2.46968425527171,3.05140687509709,"E Sambo","LK1","Offshore","LK1-O","LK1-O_917","ssid","2017","Irma","Fall","run1",0.441431932355994
"235","918",639,5.64641707894269,118.577230035906,"E Sambo","LK1","Offshore","LK1-O","LK1-O_918","ssid","2017","Irma","Fall","run1",0.874071299168584
"236","919",165,2.59655157508633,7.3585826372479,"E Sambo","LK1","Offshore","LK1-O","LK1-O_919","ssid","2017","Irma","Fall","run1",0.508534920390121
"237","92",370,4.22029514462365,15.9971654609299,"Carysfort","UK2","Offshore","UK2-O","UK2-O_92","ssid","2015","Pre","Spring","run1",0.713670922395707
"238","921",115,1.3906690472817,1.71841822811709,"E Sambo","LK1","Offshore","LK1-O","LK1-O_921","ssid","2017","Irma","Fall","run1",0.293085129494025
"239","922",118,1.8411159255525,2.81435666132637,"E Sambo","LK1","Offshore","LK1-O","LK1-O_922","ssid","2017","Irma","Fall","run1",0.385922791062449
"240","923",170,2.81447683194472,5.45216567229979,"E Sambo","LK1","Offshore","LK1-O","LK1-O_923","ssid","2017","Irma","Fall","run1",0.548011544152658
"241","924",592,5.30933486782344,90.340576507269,"E Sambo","LK1","Offshore","LK1-O","LK1-O_924","ssid","2017","Irma","Fall","run1",0.831727007035516
"242","925",34,1.41663447066399,2.31284532118655,"E Sambo","LK1","Offshore","LK1-O","LK1-O_925","ssid","2017","Irma","Fall","run1",0.401727066978833
"243","926",855,5.85985430682341,84.2801500047364,"E Sambo","LK1","Offshore","LK1-O","LK1-O_926","srad","2017","Irma","Fall","run1",0.867984925687435
"244","927",1183,6.28807028584868,213.103205353998,"E Sambo","LK1","Offshore","LK1-O","LK1-O_927","srad","2017","Irma","Fall","run1",0.888671586065596
"245","928",997,6.06986899195503,176.60520999965,"E Sambo","LK1","Offshore","LK1-O","LK1-O_928","srad","2017","Irma","Fall","run1",0.879085892333892
"246","929",96,2.05077104905726,2.73293011847997,"E Sambo","LK1","Offshore","LK1-O","LK1-O_929","srad","2017","Irma","Fall","run1",0.449302060892458
"247","93",565,4.82400587678799,22.4805775241787,"Carysfort","UK2","Offshore","UK2-O","UK2-O_93","ssid","2015","Pre","Spring","run1",0.761265352947499
"248","930",731,5.85505081041561,128.716831480946,"E Sambo","LK1","Offshore","LK1-O","LK1-O_930","srad","2017","Irma","Fall","run1",0.88788045307638
"249","931",433,4.39289809407932,25.2542961523306,"E Sambo","LK1","Offshore","LK1-O","LK1-O_931","srad","2017","Irma","Fall","run1",0.723618494308559
"250","932",107,2.34942457350726,6.53330234784209,"E Sambo","LK1","Offshore","LK1-O","LK1-O_932","srad","2017","Irma","Fall","run1",0.502784214174583
"251","933",897,5.80687077147131,105.447725814998,"E Sambo","LK1","Offshore","LK1-O","LK1-O_933","srad","2017","Irma","Fall","run1",0.854070166399979
"252","934",591,5.06764290362876,60.4308670880513,"E Sambo","LK1","Offshore","LK1-O","LK1-O_934","srad","2017","Irma","Fall","run1",0.794075368172165
"253","935",311,3.89827453435887,16.9394145738323,"E Sambo","LK1","Offshore","LK1-O","LK1-O_935","srad","2017","Irma","Fall","run1",0.679166407918157
"254","94",81,2.9028326555579,8.09232473094692,"Carysfort","UK2","Offshore","UK2-O","UK2-O_94","ssid","2015","Pre","Spring","run1",0.660568037855537
"255","943",11,0.966317110520919,1.949611972435,"E Sambo","LK1","Offshore","LK1-O","LK1-O_943","ssid","2017","Irma","Fall","run1",0.402985535474707
"256","947",866,5.8069517816189,122.461702885643,"W Washer","LK1","Inshore","LK1-I","LK1-I_947","ssid","2017","Irma","Fall","run1",0.858523150544424
"257","948",525,4.23351173308839,13.8935966365095,"W Washer","LK1","Inshore","LK1-I","LK1-I_948","ssid","2017","Irma","Fall","run1",0.675912907913455
"258","949",256,3.52073206245109,7.05463670370059,"W Washer","LK1","Inshore","LK1-I","LK1-I_949","ssid","2017","Irma","Fall","run1",0.63491783584962
"259","95",237,3.79419902118909,10.4392490918716,"Carysfort","UK2","Offshore","UK2-O","UK2-O_95","ssid","2015","Pre","Spring","run1",0.693883922864359
"260","950",224,3.31067272072933,5.91681717875986,"W Washer","LK1","Inshore","LK1-I","LK1-I_950","ssid","2017","Irma","Fall","run1",0.611768155013478
"261","951",210,3.27697797946755,5.53651887852274,"W Washer","LK1","Inshore","LK1-I","LK1-I_951","ssid","2017","Irma","Fall","run1",0.612850585226187
"262","952",265,3.60390807783426,6.9217279561842,"W Washer","LK1","Inshore","LK1-I","LK1-I_952","ssid","2017","Irma","Fall","run1",0.645892935720641
"263","953",324,2.66456218214757,2.7979662993515,"W Washer","LK1","Inshore","LK1-I","LK1-I_953","ssid","2017","Irma","Fall","run1",0.460937624177287
"264","955",269,2.48427432021168,2.76846059862812,"W Washer","LK1","Inshore","LK1-I","LK1-I_955","ssid","2017","Irma","Fall","run1",0.444039763922278
"265","956",683,5.67233385422093,105.516875723793,"W Washer","LK1","Inshore","LK1-I","LK1-I_956","srad","2017","Irma","Fall","run1",0.869124082110128
"266","957",403,4.46285553703661,37.7838787118758,"W Washer","LK1","Inshore","LK1-I","LK1-I_957","srad","2017","Irma","Fall","run1",0.743941112054099
"267","958",696,5.50148472294784,104.917418719349,"W Washer","LK1","Inshore","LK1-I","LK1-I_958","srad","2017","Irma","Fall","run1",0.840518079009205
"268","959",876,6.01341303007048,163.734776725304,"W Washer","LK1","Inshore","LK1-I","LK1-I_959","srad","2017","Irma","Fall","run1",0.88754068036483
"269","96",124,2.84215772299148,9.33435121476167,"Carysfort","UK2","Offshore","UK2-O","UK2-O_96","ssid","2015","Pre","Spring","run1",0.58962483504524
"270","960",768,5.63684408208163,133.003280014773,"W Washer","LK1","Inshore","LK1-I","LK1-I_960","srad","2017","Irma","Fall","run1",0.848438061481369
"271","961",956,6.23932324900839,217.522615161147,"W Washer","LK1","Inshore","LK1-I","LK1-I_961","srad","2017","Irma","Fall","run1",0.90915683287365
"272","962",1135,6.33371064218318,254.814091008643,"W Washer","LK1","Inshore","LK1-I","LK1-I_962","srad","2017","Irma","Fall","run1",0.900392572216196
"273","963",457,4.76943894810176,35.798392918427,"W Washer","LK1","Inshore","LK1-I","LK1-I_963","srad","2017","Irma","Fall","run1",0.778724163144932
"274","964",514,5.2662971949212,86.7483008803877,"W Washer","LK1","Inshore","LK1-I","LK1-I_964","srad","2017","Irma","Fall","run1",0.843657295000197
"275","965",133,1.61635835853245,1.97587847557024,"W Washer","LK1","Inshore","LK1-I","LK1-I_965","ssid","2017","Irma","Fall","run1",0.330520033672972
"276","97",103,2.5389062023049,4.50456353236406,"Carysfort","UK2","Offshore","UK2-O","UK2-O_97","ssid","2015","Pre","Spring","run1",0.547800358716272
"277","976",603,5.28414751178924,61.1971580242118,"W Washer","LK1","Inshore","LK1-I","LK1-I_976","srad","2017","Irma","Fall","run1",0.825400790015001
"278","977",50,1.75099601446904,2.8196384039784,"W Washer","LK1","Inshore","LK1-I","LK1-I_977","ssid","2016","Pre","Spring","run1",0.447593486040199
"279","978",302,3.66679949754241,7.16736665973229,"W Washer","LK1","Inshore","LK1-I","LK1-I_978","ssid","2016","Pre","Spring","run1",0.642123520077501
"280","979",566,4.75409947542388,31.7319453098611,"W Washer","LK1","Inshore","LK1-I","LK1-I_979","ssid","2016","Pre","Spring","run1",0.750024282478038
"281","98",109,2.41729438950636,3.54169588809693,"Carysfort","UK2","Offshore","UK2-O","UK2-O_98","ssid","2015","Pre","Spring","run1",0.515266497004643
"282","980",85,1.81669030167847,2.48579113569346,"W Washer","LK1","Inshore","LK1-I","LK1-I_980","ssid","2016","Pre","Spring","run1",0.408920303844343
"283","981",92,1.76822736025285,2.57523429949881,"W Washer","LK1","Inshore","LK1-I","LK1-I_981","ssid","2016","Pre","Spring","run1",0.391046005385509
"284","982",97,1.93889986020635,2.61447150165563,"W Washer","LK1","Inshore","LK1-I","LK1-I_982","ssid","2016","Pre","Spring","run1",0.423830023211796
"285","983",95,2.39076816887649,3.48088447836213,"W Washer","LK1","Inshore","LK1-I","LK1-I_983","ssid","2016","Pre","Spring","run1",0.524996223171113
"286","984",231,3.6847145858984,9.22218983870161,"W Washer","LK1","Inshore","LK1-I","LK1-I_984","ssid","2016","Pre","Spring","run1",0.677036343383707
"287","985",99,2.04219024939456,3.41770604474133,"W Washer","LK1","Inshore","LK1-I","LK1-I_985","ssid","2016","Pre","Spring","run1",0.444425894426832
"288","986",54,1.46357458142221,2.04729557330706,"W Washer","LK1","Inshore","LK1-I","LK1-I_986","ssid","2016","Pre","Spring","run1",0.366904094961921
"289","988",887,5.66687821836581,69.9722886605569,"W Washer","LK1","Inshore","LK1-I","LK1-I_988","srad","2016","Pre","Spring","run1",0.834856752494315
"290","989",531,5.61687195721586,136.733051881718,"W Washer","LK1","Inshore","LK1-I","LK1-I_989","srad","2016","Pre","Spring","run1",0.895152985595481
"291","99",633,4.86505429894592,23.7302176276686,"Carysfort","UK2","Offshore","UK2-O","UK2-O_99","ssid","2015","Pre","Spring","run1",0.754216976523821
"292","990",875,6.06788283031801,215.889464594128,"W Washer","LK1","Inshore","LK1-I","LK1-I_990","srad","2016","Pre","Spring","run1",0.895731072977662
"293","991",1315,6.32963827299593,190.452805480004,"W Washer","LK1","Inshore","LK1-I","LK1-I_991","srad","2016","Pre","Spring","run1",0.88136980237994
"294","992",806,5.6958575953563,126.341728271311,"W Washer","LK1","Inshore","LK1-I","LK1-I_992","srad","2016","Pre","Spring","run1",0.851133640061537
"295","993",384,4.83658790662823,39.086828320313,"W Washer","LK1","Inshore","LK1-I","LK1-I_993","srad","2016","Pre","Spring","run1",0.812784142869575
"296","994",1267,6.44860564218304,293.341866914916,"W Washer","LK1","Inshore","LK1-I","LK1-I_994","srad","2016","Pre","Spring","run1",0.902608919036047
"297","995",256,3.2120514757296,11.655864922975,"W Washer","LK1","Inshore","LK1-I","LK1-I_995","srad","2016","Pre","Spring","run1",0.579251341889397
"298","996",642,5.60733830744281,118.861444883653,"W Washer","LK1","Inshore","LK1-I","LK1-I_996","srad","2016","Pre","Spring","run1",0.86739294816998
